Workbook

Sheet Read Me
A1: CLINICAL TRIAL DATA QUALITY & SAFETY MONITORING | B1: Description
B2: Portfolio demonstration using entirely synthetic data. No real patient data is included.
A3: Purpose | B3: Demonstrate clinical data review: rule-based validation, issue logging through a query workflow, and descriptive safety summaries.
A4: Study setting | B4: Simulated two-arm trial (Placebo vs Treatment A), 5 sites, visits at Screening, Baseline, Week 4, Week 8 and Week 12. Data as-of date is on the Check Rules sheet.
A5: Sheet guide | B5: Subjects / Visits / Adverse Events = the data (last column of each is a live formula check). Data Checks = every flagged record. Query Log = queries raised to sites, with status and days open. Check Rules = editable limits and the rule list. Dashboard = summaries and charts.
A6: How the checks work | B6: Each data row has a Row_Check formula (nested IF, COUNTIF, INDEX/MATCH) that returns OK or the first problem found. Limits (age, weight, BP) are read from Check Rules, so changing a limit updates all checks. Fix a value in the data and its flag turns to OK.
A7: Suggested workflow | B7: 1) Read Check Rules. 2) Filter Row_Check on each data sheet for anything not OK. 3) See each flag in Data Checks. 4) Read the matching query in Query Log. 5) Review the Dashboard.
A8: Data dictionary | B8: Subjects = participant-level; Visits = visit-level; Adverse Events = event-level; Treatment_Arm on Adverse Events is looked up from Subjects.
A9: Validation rules | B9: Unique subject IDs; age 18-85; weight 35-200 kg; systolic BP 70-220; diastolic BP 40-130; diastolic below systolic; visit and AE dates not before enrollment; required fields; subject linkage to the register. 15 rules in total.
A10: Planted issues | B10: Realistic errors were deliberately placed in the synthetic data (duplicate ID, out-of-range values, missing fields, unregistered subject, date errors) so the checks have something to find. 17 queries were raised; 3 are closed with the data corrected, so those flags now show OK.
A11: Clinical caution | B11: Out-of-range values are review flags, not proof of error. Confirm against source records and approved procedures.
A12: Safety caution | B12: Seriousness is not severity. This project does not assess causality, expectedness, or regulatory reportability.
A13: Important limitation | B13: Educational exercise, not a validated clinical system or substitute for protocol/SOP review.
A14: Portfolio credit | B14: Created as a learning project by Shaziya Thabassum Javid. All records are synthetic.

Sheet Dashboard
A1: CLINICAL TRIAL DATA QUALITY & SAFETY DASHBOARD
A2: Synthetic educational dataset | All findings require source verification
A3: Data as of: | B3: ='Check Rules'!B11 -> 46142
A4: Metric | B4: Value | C4: Interpretation
A5: Unique subjects | B5: =SUMPRODUCT(1/COUNTIF(Subjects!$A$2:$A$82,Subjects!$A$2:$A$82)) -> 80 | C5: Distinct participants (duplicate row not double-counted)
A6: Subject register rows | B6: =COUNTA(Subjects!$A$2:$A$82) -> 81 | C6: Includes one intentional duplicate row
A7: Visit records | B7: =COUNTA(Visits!$A$2:$A$293) -> 292 | C7: Visit-level records, including scheduled and missed
A8: Visits completed (of due) | B8: =COUNTIF(Visits!$H$2:$H$293,"Complete")/(COUNTIF(Visits!$H$2:$H$293,"Complete")+COUNTIF(Visits!$H$2:$H$293,"Missed")) -> 0.99649123 | C8: Completed visits divided by visits that were due
A9: Adverse event records | B9: =COUNTA('Adverse Events'!$A$2:$A$61) -> 60 | C9: Reported event records
A10: Serious AEs (SAEs) | B10: =COUNTIF('Adverse Events'!$F$2:$F$61,"Yes") -> 8 | C10: Seriousness criteria met; not the same as severity
A11: Open review flags (live) | B11: =COUNTIF(Subjects!$H$2:$H$82,"<>OK")+COUNTIF(Visits!$I$2:$I$293,"<>OK")+COUNTIF('Adverse Events'!$J$2:$J$61,"<>OK") -> 16 | C11: Records failing a check right now; review items, not confirmed errors
A12: Queries not yet closed | B12: =COUNTIF('Query Log'!$H$2:$H$18,"<>Closed") -> 14 | C12: Queries raised to sites without a final resolution
A13: Average days open (not closed) | B13: =AVERAGEIFS('Query Log'!$L$2:$L$18,'Query Log'!$H$2:$H$18,"<>Closed") -> 32.428571 | C13: Query aging as of the data date
A15: Adverse events by reported severity
A16: Severity | B16: Count | C16: % of AEs
A17: Mild | B17: =COUNTIF('Adverse Events'!$E$2:$E$61,A17) -> 37 | C17: =B17/$B$9 -> 0.61666667
A18: Moderate | B18: =COUNTIF('Adverse Events'!$E$2:$E$61,A18) -> 11 | C18: =B18/$B$9 -> 0.18333333
A19: Severe | B19: =COUNTIF('Adverse Events'!$E$2:$E$61,A19) -> 11 | C19: =B19/$B$9 -> 0.18333333
A20: Missing | B20: =COUNTBLANK('Adverse Events'!$E$2:$E$61) -> 1 | C20: =B20/$B$9 -> 0.016666667
A22: Treatment arm summary
A23: Arm | B23: Subjects | C23: Withdrawn | D23: Withdrawn % | E23: AE records | F23: AEs per subject | G23: Serious AEs | H23: % AEs related / possibly related
A24: Placebo | B24: =SUMPRODUCT((Subjects!$F$2:$F$82=A24)/COUNTIF(Subjects!$A$2:$A$82,Subjects!$A$2:$A$82)) -> 37 | C24: =SUMPRODUCT((Subjects!$F$2:$F$82=A24)*(Subjects!$G$2:$G$82="Withdrawn")/COUNTIF(Subjects!$A$2:$A$82,Subjects!$A$2:$A$82)) -> 16 | D24: =IFERROR(C24/B24,0) -> 0.43243243 | E24: =COUNTIF('Adverse Events'!$I$2:$I$61,A24) -> 23 | F24: =IFERROR(E24/B24,0) -> 0.62162162 | G24: =COUNTIFS('Adverse Events'!$I$2:$I$61,A24,'Adverse Events'!$F$2:$F$61,"Yes") -> 3 | H24: =IFERROR((COUNTIFS('Adverse Events'!$I$2:$I$61,A24,'Adverse Events'!$G$2:$G$61,"Related")+COUNTIFS('Adverse Events'!$I$2:$I$61,A24,'Adverse Events'!$G$2:$G$61,"Possibly related"))/E24,0) -> 0.26086957
A25: Treatment A | B25: =SUMPRODUCT((Subjects!$F$2:$F$82=A25)/COUNTIF(Subjects!$A$2:$A$82,Subjects!$A$2:$A$82)) -> 42 | C25: =SUMPRODUCT((Subjects!$F$2:$F$82=A25)*(Subjects!$G$2:$G$82="Withdrawn")/COUNTIF(Subjects!$A$2:$A$82,Subjects!$A$2:$A$82)) -> 15 | D25: =IFERROR(C25/B25,0) -> 0.35714286 | E25: =COUNTIF('Adverse Events'!$I$2:$I$61,A25) -> 35 | F25: =IFERROR(E25/B25,0) -> 0.83333333 | G25: =COUNTIFS('Adverse Events'!$I$2:$I$61,A25,'Adverse Events'!$F$2:$F$61,"Yes") -> 5 | H25: =IFERROR((COUNTIFS('Adverse Events'!$I$2:$I$61,A25,'Adverse Events'!$G$2:$G$61,"Related")+COUNTIFS('Adverse Events'!$I$2:$I$61,A25,'Adverse Events'!$G$2:$G$61,"Possibly related"))/E25,0) -> 0.6
A26: Note: one subject has no arm recorded and one AE belongs to an unregistered subject; both are flagged, so arm totals are below overall totals.
A28: Site data-quality summary
A29: Site | B29: Subjects | C29: Visit records | D29: Flagged records | E29: Flag rate
A30: SITE-001 | B30: =SUMPRODUCT((Subjects!$B$2:$B$82=A30)/COUNTIF(Subjects!$A$2:$A$82,Subjects!$A$2:$A$82)) -> 22 | C30: =COUNTIF(Visits!$B$2:$B$293,A30) -> 70 | D30: =COUNTIFS(Subjects!$B$2:$B$82,A30,Subjects!$H$2:$H$82,"<>OK")+COUNTIFS(Visits!$B$2:$B$293,A30,Visits!$I$2:$I$293,"<>OK") -> 4 | E30: =D30/(COUNTIF(Subjects!$B$2:$B$82,A30)+C30) -> 0.043010753
A31: SITE-002 | B31: =SUMPRODUCT((Subjects!$B$2:$B$82=A31)/COUNTIF(Subjects!$A$2:$A$82,Subjects!$A$2:$A$82)) -> 14 | C31: =COUNTIF(Visits!$B$2:$B$293,A31) -> 48 | D31: =COUNTIFS(Subjects!$B$2:$B$82,A31,Subjects!$H$2:$H$82,"<>OK")+COUNTIFS(Visits!$B$2:$B$293,A31,Visits!$I$2:$I$293,"<>OK") -> 2 | E31: =D31/(COUNTIF(Subjects!$B$2:$B$82,A31)+C31) -> 0.032258065
A32: SITE-003 | B32: =SUMPRODUCT((Subjects!$B$2:$B$82=A32)/COUNTIF(Subjects!$A$2:$A$82,Subjects!$A$2:$A$82)) -> 16 | C32: =COUNTIF(Visits!$B$2:$B$293,A32) -> 64 | D32: =COUNTIFS(Subjects!$B$2:$B$82,A32,Subjects!$H$2:$H$82,"<>OK")+COUNTIFS(Visits!$B$2:$B$293,A32,Visits!$I$2:$I$293,"<>OK") -> 2 | E32: =D32/(COUNTIF(Subjects!$B$2:$B$82,A32)+C32) -> 0.025
A33: SITE-004 | B33: =SUMPRODUCT((Subjects!$B$2:$B$82=A33)/COUNTIF(Subjects!$A$2:$A$82,Subjects!$A$2:$A$82)) -> 17 | C33: =COUNTIF(Visits!$B$2:$B$293,A33) -> 66 | D33: =COUNTIFS(Subjects!$B$2:$B$82,A33,Subjects!$H$2:$H$82,"<>OK")+COUNTIFS(Visits!$B$2:$B$293,A33,Visits!$I$2:$I$293,"<>OK") -> 3 | E33: =D33/(COUNTIF(Subjects!$B$2:$B$82,A33)+C33) -> 0.036144578
A34: SITE-005 | B34: =SUMPRODUCT((Subjects!$B$2:$B$82=A34)/COUNTIF(Subjects!$A$2:$A$82,Subjects!$A$2:$A$82)) -> 11 | C34: =COUNTIF(Visits!$B$2:$B$293,A34) -> 44 | D34: =COUNTIFS(Subjects!$B$2:$B$82,A34,Subjects!$H$2:$H$82,"<>OK")+COUNTIFS(Visits!$B$2:$B$293,A34,Visits!$I$2:$I$293,"<>OK") -> 1 | E34: =D34/(COUNTIF(Subjects!$B$2:$B$82,A34)+C34) -> 0.018181818
A36: Data flags by domain (live)
A37: Domain | B37: Flagged records | C37: Total records | D37: Flag rate
A38: Subjects | B38: =COUNTIF(Subjects!$H$2:$H$82,"<>OK") -> 5 | C38: =COUNTA(Subjects!$A$2:$A$82) -> 81 | D38: =B38/C38 -> 0.061728395
A39: Visits | B39: =COUNTIF(Visits!$I$2:$I$293,"<>OK") -> 7 | C39: =COUNTA(Visits!$A$2:$A$293) -> 292 | D39: =B39/C39 -> 0.023972603
A40: Adverse Events | B40: =COUNTIF('Adverse Events'!$J$2:$J$61,"<>OK") -> 4 | C40: =COUNTA('Adverse Events'!$A$2:$A$61) -> 60 | D40: =B40/C40 -> 0.066666667
A42: Query status
A43: Status | B43: Queries
A44: Open | B44: =COUNTIF('Query Log'!$H$2:$H$18,A44) -> 10
A45: Sent to site | B45: =COUNTIF('Query Log'!$H$2:$H$18,A45) -> 3
A46: Answered | B46: =COUNTIF('Query Log'!$H$2:$H$18,A46) -> 1
A47: Closed | B47: =COUNTIF('Query Log'!$H$2:$H$18,A47) -> 3
A49: Interpretation guardrail: flags indicate records for review; they do not establish error, medical significance, causality, or reportability.

Sheet Subjects
A1: Subject_ID | B1: Site_ID | C1: Enrollment_Date | D1: Age | E1: Sex | F1: Treatment_Arm | G1: Study_Status | H1: Row_Check
A2: SUBJ-001 | B2: SITE-001 | C2: 46028 | D2: 65 | E2: Male | F2: Treatment A | G2: Completed | H2: =IF(COUNTBLANK(A2:G2)>0,"Missing field",IF(COUNTIF($A$2:$A$82,A2)>1,"Duplicate subject ID",IF(OR(D2<'Check Rules'!$B$3,D2>'Check Rules'!$B$4),"Age out of range","OK"))) -> OK
A3: SUBJ-002 | B3: SITE-002 | C3: 46074 | D3: 24 | E3: Female | F3: Placebo | G3: Completed | H3: =IF(COUNTBLANK(A3:G3)>0,"Missing field",IF(COUNTIF($A$2:$A$82,A3)>1,"Duplicate subject ID",IF(OR(D3<'Check Rules'!$B$3,D3>'Check Rules'!$B$4),"Age out of range","OK"))) -> OK
A4: SUBJ-003 | B4: SITE-001 | C4: 46032 | D4: 31 | E4: Female | F4: Treatment A | G4: Withdrawn | H4: =IF(COUNTBLANK(A4:G4)>0,"Missing field",IF(COUNTIF($A$2:$A$82,A4)>1,"Duplicate subject ID",IF(OR(D4<'Check Rules'!$B$3,D4>'Check Rules'!$B$4),"Age out of range","OK"))) -> OK
A5: SUBJ-004 | B5: SITE-002 | C5: 46072 | D5: 59 | E5: Male | F5: Treatment A | G5: Ongoing | H5: =IF(COUNTBLANK(A5:G5)>0,"Missing field",IF(COUNTIF($A$2:$A$82,A5)>1,"Duplicate subject ID",IF(OR(D5<'Check Rules'!$B$3,D5>'Check Rules'!$B$4),"Age out of range","OK"))) -> OK
A6: SUBJ-005 | B6: SITE-005 | C6: 46044 | D6: 69 | E6: Female | F6: Treatment A | G6: Withdrawn | H6: =IF(COUNTBLANK(A6:G6)>0,"Missing field",IF(COUNTIF($A$2:$A$82,A6)>1,"Duplicate subject ID",IF(OR(D6<'Check Rules'!$B$3,D6>'Check Rules'!$B$4),"Age out of range","OK"))) -> OK
A7: SUBJ-006 | B7: SITE-004 | C7: 46048 | D7: 35 | E7: Female | F7: Treatment A | G7: Ongoing | H7: =IF(COUNTBLANK(A7:G7)>0,"Missing field",IF(COUNTIF($A$2:$A$82,A7)>1,"Duplicate subject ID",IF(OR(D7<'Check Rules'!$B$3,D7>'Check Rules'!$B$4),"Age out of range","OK"))) -> OK
A8: SUBJ-007 | B8: SITE-001 | C8: 46032 | D8: 42 | E8: Female | F8: Placebo | G8: Ongoing | H8: =IF(COUNTBLANK(A8:G8)>0,"Missing field",IF(COUNTIF($A$2:$A$82,A8)>1,"Duplicate subject ID",IF(OR(D8<'Check Rules'!$B$3,D8>'Check Rules'!$B$4),"Age out of range","OK"))) -> OK
A9: SUBJ-008 | B9: SITE-005 | C9: 46043 | D9: 69 | E9: Female | F9: Placebo | G9: Withdrawn | H9: =IF(COUNTBLANK(A9:G9)>0,"Missing field",IF(COUNTIF($A$2:$A$82,A9)>1,"Duplicate subject ID",IF(OR(D9<'Check Rules'!$B$3,D9>'Check Rules'!$B$4),"Age out of range","OK"))) -> OK
A10: SUBJ-009 | B10: SITE-001 | C10: 46051 | D10: 23 | E10: Male | F10: Placebo | G10: Withdrawn | H10: =IF(COUNTBLANK(A10:G10)>0,"Missing field",IF(COUNTIF($A$2:$A$82,A10)>1,"Duplicate subject ID",IF(OR(D10<'Check Rules'!$B$3,D10>'Check Rules'!$B$4),"Age out of range","OK"))) -> OK
A11: SUBJ-010 | B11: SITE-002 | C11: 46072 | D11: 22 | E11: Female | F11: Treatment A | G11: Ongoing | H11: =IF(COUNTBLANK(A11:G11)>0,"Missing field",IF(COUNTIF($A$2:$A$82,A11)>1,"Duplicate subject ID",IF(OR(D11<'Check Rules'!$B$3,D11>'Check Rules'!$B$4),"Age out of range","OK"))) -> OK
A12: SUBJ-011 | B12: SITE-001 | C12: 46041 | D12: 73 | E12: Female | F12: Placebo | G12: Ongoing | H12: =IF(COUNTBLANK(A12:G12)>0,"Missing field",IF(COUNTIF($A$2:$A$82,A12)>1,"Duplicate subject ID",IF(OR(D12<'Check Rules'!$B$3,D12>'Check Rules'!$B$4),"Age out of range","OK"))) -> Duplicate subject ID
A13: SUBJ-012 | B13: SITE-004 | C13: 46067 | D13: 71 | E13: Male | F13: Treatment A | G13: Ongoing | H13: =IF(COUNTBLANK(A13:G13)>0,"Missing field",IF(COUNTIF($A$2:$A$82,A13)>1,"Duplicate subject ID",IF(OR(D13<'Check Rules'!$B$3,D13>'Check Rules'!$B$4),"Age out of range","OK"))) -> OK
... A52: SUBJ-051 | B52: SITE-001 | C52: 46063 | D52: 33 | E52: Female | F52: Treatment A | G52: Ongoing | H52: =IF(COUNTBLANK(A52:G52)>0,"Missing field",IF(COUNTIF($A$2:$A$82,A52)>1,"Duplicate subject ID",IF(OR(D52<'Check Rules'!$B$3,D52>'Check Rules'!$B$4),"Age out of range","OK"))) -> OK
A53: SUBJ-052 | B53: SITE-005 | C53: 46063 | D53: 51 | F53: Placebo | G53: Completed | H53: =IF(COUNTBLANK(A53:G53)>0,"Missing field",IF(COUNTIF($A$2:$A$82,A53)>1,"Duplicate subject ID",IF(OR(D53<'Check Rules'!$B$3,D53>'Check Rules'!$B$4),"Age out of range","OK"))) -> Missing field
A54: SUBJ-053 | B54: SITE-003 | C54: 46042 | D54: 34 | E54: Male | F54: Treatment A | G54: Withdrawn | H54: =IF(COUNTBLANK(A54:G54)>0,"Missing field",IF(COUNTIF($A$2:$A$82,A54)>1,"Duplicate subject ID",IF(OR(D54<'Check Rules'!$B$3,D54>'Check Rules'!$B$4),"Age out of range","OK"))) -> OK
A55: SUBJ-054 | B55: SITE-003 | C55: 46056 | D55: 38 | E55: Female | F55: Treatment A | G55: Ongoing | H55: =IF(COUNTBLANK(A55:G55)>0,"Missing field",IF(COUNTIF($A$2:$A$82,A55)>1,"Duplicate subject ID",IF(OR(D55<'Check Rules'!$B$3,D55>'Check Rules'!$B$4),"Age out of range","OK"))) -> OK
A56: SUBJ-055 | B56: SITE-005 | C56: 46063 | D56: 24 | E56: Female | F56: Treatment A | G56: Withdrawn | H56: =IF(COUNTBLANK(A56:G56)>0,"Missing field",IF(COUNTIF($A$2:$A$82,A56)>1,"Duplicate subject ID",IF(OR(D56<'Check Rules'!$B$3,D56>'Check Rules'!$B$4),"Age out of range","OK"))) -> OK
A57: SUBJ-056 | B57: SITE-003 | C57: 46035 | D57: 77 | E57: Male | F57: Treatment A | G57: Completed | H57: =IF(COUNTBLANK(A57:G57)>0,"Missing field",IF(COUNTIF($A$2:$A$82,A57)>1,"Duplicate subject ID",IF(OR(D57<'Check Rules'!$B$3,D57>'Check Rules'!$B$4),"Age out of range","OK"))) -> OK
A58: SUBJ-057 | B58: SITE-003 | C58: 46045 | D58: 28 | E58: Male | F58: Placebo | G58: Withdrawn | H58: =IF(COUNTBLANK(A58:G58)>0,"Missing field",IF(COUNTIF($A$2:$A$82,A58)>1,"Duplicate subject ID",IF(OR(D58<'Check Rules'!$B$3,D58>'Check Rules'!$B$4),"Age out of range","OK"))) -> OK
A59: SUBJ-058 | B59: SITE-005 | C59: 46027 | D59: 60 | E59: Male | F59: Treatment A | G59: Completed | H59: =IF(COUNTBLANK(A59:G59)>0,"Missing field",IF(COUNTIF($A$2:$A$82,A59)>1,"Duplicate subject ID",IF(OR(D59<'Check Rules'!$B$3,D59>'Check Rules'!$B$4),"Age out of range","OK"))) -> OK
A60: SUBJ-059 | B60: SITE-003 | C60: 46034 | D60: 74 | E60: Female | F60: Treatment A | G60: Ongoing | H60: =IF(COUNTBLANK(A60:G60)>0,"Missing field",IF(COUNTIF($A$2:$A$82,A60)>1,"Duplicate subject ID",IF(OR(D60<'Check Rules'!$B$3,D60>'Check Rules'!$B$4),"Age out of range","OK"))) -> OK
A61: SUBJ-060 | B61: SITE-003 | C61: 46065 | D61: 31 | E61: Male | F61: Treatment A | G61: Withdrawn | H61: =IF(COUNTBLANK(A61:G61)>0,"Missing field",IF(COUNTIF($A$2:$A$82,A61)>1,"Duplicate subject ID",IF(OR(D61<'Check Rules'!$B$3,D61>'Check Rules'!$B$4),"Age out of range","OK"))) -> OK
A62: SUBJ-061 | B62: SITE-003 | C62: 46059 | D62: 49 | E62: Male | F62: Treatment A | G62: Completed | H62: =IF(COUNTBLANK(A62:G62)>0,"Missing field",IF(COUNTIF($A$2:$A$82,A62)>1,"Duplicate subject ID",IF(OR(D62<'Check Rules'!$B$3,D62>'Check Rules'!$B$4),"Age out of range","OK"))) -> OK
A63: SUBJ-062 | B63: SITE-004 | C63: 46044 | D63: 20 | E63: Female | F63: Placebo | G63: Completed | H63: =IF(COUNTBLANK(A63:G63)>0,"Missing field",IF(COUNTIF($A$2:$A$82,A63)>1,"Duplicate subject ID",IF(OR(D63<'Check Rules'!$B$3,D63>'Check Rules'!$B$4),"Age out of range","OK"))) -> OK
A64: SUBJ-063 | B64: SITE-003 | C64: 46037 | D64: 65 | E64: Male | F64: Placebo | G64: Withdrawn | H64: =IF(COUNTBLANK(A64:G64)>0,"Missing field",IF(COUNTIF($A$2:$A$82,A64)>1,"Duplicate subject ID",IF(OR(D64<'Check Rules'!$B$3,D64>'Check Rules'!$B$4),"Age out of range","OK"))) -> OK
A65: SUBJ-064 | B65: SITE-001 | C65: 46034 | D65: 22 | E65: Female | F65: Treatment A | G65: Ongoing | H65: =IF(COUNTBLANK(A65:G65)>0,"Missing field",IF(COUNTIF($A$2:$A$82,A65)>1,"Duplicate subject ID",IF(OR(D65<'Check Rules'!$B$3,D65>'Check Rules'!$B$4),"Age out of range","OK"))) -> OK
A66: SUBJ-065 | B66: SITE-005 | C66: 46062 | D66: 27 | E66: Male | F66: Treatment A | G66: Completed | H66: =IF(COUNTBLANK(A66:G66)>0,"Missing field",IF(COUNTIF($A$2:$A$82,A66)>1,"Duplicate subject ID",IF(OR(D66<'Check Rules'!$B$3,D66>'Check Rules'!$B$4),"Age out of range","OK"))) -> OK
A67: SUBJ-066 | B67: SITE-003 | C67: 46050 | D67: 75 | E67: Female | G67: Completed | H67: =IF(COUNTBLANK(A67:G67)>0,"Missing field",IF(COUNTIF($A$2:$A$82,A67)>1,"Duplicate subject ID",IF(OR(D67<'Check Rules'!$B$3,D67>'Check Rules'!$B$4),"Age out of range","OK"))) -> Missing field
A68: SUBJ-067 | B68: SITE-002 | C68: 46069 | D68: 24 | E68: Male | F68: Placebo | G68: Withdrawn | H68: =IF(COUNTBLANK(A68:G68)>0,"Missing field",IF(COUNTIF($A$2:$A$82,A68)>1,"Duplicate subject ID",IF(OR(D68<'Check Rules'!$B$3,D68>'Check Rules'!$B$4),"Age out of range","OK"))) -> OK
A69: SUBJ-068 | B69: SITE-002 | C69: 46042 | D69: 73 | E69: Female | F69: Treatment A | G69: Ongoing | H69: =IF(COUNTBLANK(A69:G69)>0,"Missing field",IF(COUNTIF($A$2:$A$82,A69)>1,"Duplicate subject ID",IF(OR(D69<'Check Rules'!$B$3,D69>'Check Rules'!$B$4),"Age out of range","OK"))) -> OK
A70: SUBJ-069 | B70: SITE-001 | C70: 46038 | D70: 65 | E70: Male | F70: Placebo | G70: Withdrawn | H70: =IF(COUNTBLANK(A70:G70)>0,"Missing field",IF(COUNTIF($A$2:$A$82,A70)>1,"Duplicate subject ID",IF(OR(D70<'Check Rules'!$B$3,D70>'Check Rules'!$B$4),"Age out of range","OK"))) -> OK
A71: SUBJ-070 | B71: SITE-002 | C71: 46044 | D71: 28 | E71: Female | F71: Placebo | G71: Completed | H71: =IF(COUNTBLANK(A71:G71)>0,"Missing field",IF(COUNTIF($A$2:$A$82,A71)>1,"Duplicate subject ID",IF(OR(D71<'Check Rules'!$B$3,D71>'Check Rules'!$B$4),"Age out of range","OK"))) -> OK
A72: SUBJ-071 | B72: SITE-004 | C72: 46041 | D72: 30 | E72: Male | F72: Placebo | G72: Ongoing | H72: =IF(COUNTBLANK(A72:G72)>0,"Missing field",IF(COUNTIF($A$2:$A$82,A72)>1,"Duplicate subject ID",IF(OR(D72<'Check Rules'!$B$3,D72>'Check Rules'!$B$4),"Age out of range","OK"))) -> OK
A73: SUBJ-072 | B73: SITE-002 | C73: 46041 | D73: 19 | E73: Female | F73: Placebo | G73: Ongoing | H73: =IF(COUNTBLANK(A73:G73)>0,"Missing field",IF(COUNTIF($A$2:$A$82,A73)>1,"Duplicate subject ID",IF(OR(D73<'Check Rules'!$B$3,D73>'Check Rules'!$B$4),"Age out of range","OK"))) -> OK
A74: SUBJ-073 | B74: SITE-003 | C74: 46031 | D74: 91 | E74: Male | F74: Placebo | G74: Withdrawn | H74: =IF(COUNTBLANK(A74:G74)>0,"Missing field",IF(COUNTIF($A$2:$A$82,A74)>1,"Duplicate subject ID",IF(OR(D74<'Check Rules'!$B$3,D74>'Check Rules'!$B$4),"Age out of range","OK"))) -> Age out of range
A75: SUBJ-074 | B75: SITE-005 | C75: 46052 | D75: 61 | E75: Male | F75: Treatment A | G75: Completed | H75: =IF(COUNTBLANK(A75:G75)>0,"Missing field",IF(COUNTIF($A$2:$A$82,A75)>1,"Duplicate subject ID",IF(OR(D75<'Check Rules'!$B$3,D75>'Check Rules'!$B$4),"Age out of range","OK"))) -> OK
A76: SUBJ-075 | B76: SITE-003 | C76: 46038 | D76: 55 | E76: Male | F76: Treatment A | G76: Completed | H76: =IF(COUNTBLANK(A76:G76)>0,"Missing field",IF(COUNTIF($A$2:$A$82,A76)>1,"Duplicate subject ID",IF(OR(D76<'Check Rules'!$B$3,D76>'Check Rules'!$B$4),"Age out of range","OK"))) -> OK
A77: SUBJ-076 | B77: SITE-005 | C77: 46054 | D77: 40 | E77: Male | F77: Placebo | G77: Withdrawn | H77: =IF(COUNTBLANK(A77:G77)>0,"Missing field",IF(COUNTIF($A$2:$A$82,A77)>1,"Duplicate subject ID",IF(OR(D77<'Check Rules'!$B$3,D77>'Check Rules'!$B$4),"Age out of range","OK"))) -> OK
A78: SUBJ-077 | B78: SITE-005 | C78: 46034 | D78: 42 | E78: Female | F78: Placebo | G78: Completed | H78: =IF(COUNTBLANK(A78:G78)>0,"Missing field",IF(COUNTIF($A$2:$A$82,A78)>1,"Duplicate subject ID",IF(OR(D78<'Check Rules'!$B$3,D78>'Check Rules'!$B$4),"Age out of range","OK"))) -> OK
A79: SUBJ-078 | B79: SITE-004 | C79: 46027 | D79: 51 | E79: Female | F79: Placebo | G79: Ongoing | H79: =IF(COUNTBLANK(A79:G79)>0,"Missing field",IF(COUNTIF($A$2:$A$82,A79)>1,"Duplicate subject ID",IF(OR(D79<'Check Rules'!$B$3,D79>'Check Rules'!$B$4),"Age out of range","OK"))) -> OK
... A82: SUBJ-011 | B82: SITE-001 | C82: 46041 | D82: 73 | E82: Female | F82: Placebo | G82: Ongoing | H82: =IF(COUNTBLANK(A82:G82)>0,"Missing field",IF(COUNTIF($A$2:$A$82,A82)>1,"Duplicate subject ID",IF(OR(D82<'Check Rules'!$B$3,D82>'Check Rules'!$B$4),"Age out of range","OK"))) -> Duplicate subject ID

Sheet Visits
A1: Subject_ID | B1: Site_ID | C1: Visit_Name | D1: Visit_Date | E1: Weight_kg | F1: Systolic_BP | G1: Diastolic_BP | H1: Visit_Status | I1: Row_Check
A2: SUBJ-001 | B2: SITE-001 | C2: Screening | D2: 46028 | E2: 71.9 | F2: 127 | G2: 81 | H2: Complete | I2: =IF(COUNTIF(Subjects!$A$2:$A$82,A2)=0,"Subject not in register",IF(D2<INDEX(Subjects!$C$2:$C$82,MATCH(A2,Subjects!$A$2:$A$82,0)),"Visit before enrollment",IF(H2="Missed","Missed visit",IF(H2="Scheduled","OK",IF(E2="","Missing weight",IF(OR(E2<'Check Rules'!$B$5,E2>'Check Rules'!$B$6),"Weight out of range",IF(OR(F2<'Check Rules'!$B$7,F2>'Check Rules'!$B$8),"Systolic BP out of range",IF(OR(G2<'Check Rules'!$B$9,G2>'Check Rules'!$B$10),"Diastolic BP out of range",IF(G2>=F2,"Diastolic >= systolic","OK"))))))))) -> OK
A3: SUBJ-001 | B3: SITE-001 | C3: Baseline | D3: 46030 | E3: 72.9 | F3: 130 | G3: 77 | H3: Complete | I3: =IF(COUNTIF(Subjects!$A$2:$A$82,A3)=0,"Subject not in register",IF(D3<INDEX(Subjects!$C$2:$C$82,MATCH(A3,Subjects!$A$2:$A$82,0)),"Visit before enrollment",IF(H3="Missed","Missed visit",IF(H3="Scheduled","OK",IF(E3="","Missing weight",IF(OR(E3<'Check Rules'!$B$5,E3>'Check Rules'!$B$6),"Weight out of range",IF(OR(F3<'Check Rules'!$B$7,F3>'Check Rules'!$B$8),"Systolic BP out of range",IF(OR(G3<'Check Rules'!$B$9,G3>'Check Rules'!$B$10),"Diastolic BP out of range",IF(G3>=F3,"Diastolic >= systolic","OK"))))))))) -> OK
A4: SUBJ-001 | B4: SITE-001 | C4: Week 4 | D4: 46058 | E4: 71.5 | F4: 129 | G4: 69 | H4: Complete | I4: =IF(COUNTIF(Subjects!$A$2:$A$82,A4)=0,"Subject not in register",IF(D4<INDEX(Subjects!$C$2:$C$82,MATCH(A4,Subjects!$A$2:$A$82,0)),"Visit before enrollment",IF(H4="Missed","Missed visit",IF(H4="Scheduled","OK",IF(E4="","Missing weight",IF(OR(E4<'Check Rules'!$B$5,E4>'Check Rules'!$B$6),"Weight out of range",IF(OR(F4<'Check Rules'!$B$7,F4>'Check Rules'!$B$8),"Systolic BP out of range",IF(OR(G4<'Check Rules'!$B$9,G4>'Check Rules'!$B$10),"Diastolic BP out of range",IF(G4>=F4,"Diastolic >= systolic","OK"))))))))) -> OK
A5: SUBJ-001 | B5: SITE-001 | C5: Week 8 | D5: 46086 | E5: 71.6 | F5: 117 | G5: 65 | H5: Complete | I5: =IF(COUNTIF(Subjects!$A$2:$A$82,A5)=0,"Subject not in register",IF(D5<INDEX(Subjects!$C$2:$C$82,MATCH(A5,Subjects!$A$2:$A$82,0)),"Visit before enrollment",IF(H5="Missed","Missed visit",IF(H5="Scheduled","OK",IF(E5="","Missing weight",IF(OR(E5<'Check Rules'!$B$5,E5>'Check Rules'!$B$6),"Weight out of range",IF(OR(F5<'Check Rules'!$B$7,F5>'Check Rules'!$B$8),"Systolic BP out of range",IF(OR(G5<'Check Rules'!$B$9,G5>'Check Rules'!$B$10),"Diastolic BP out of range",IF(G5>=F5,"Diastolic >= systolic","OK"))))))))) -> OK
A6: SUBJ-001 | B6: SITE-001 | C6: Week 12 | D6: 46114 | E6: 71.1 | F6: 137 | G6: 78 | H6: Complete | I6: =IF(COUNTIF(Subjects!$A$2:$A$82,A6)=0,"Subject not in register",IF(D6<INDEX(Subjects!$C$2:$C$82,MATCH(A6,Subjects!$A$2:$A$82,0)),"Visit before enrollment",IF(H6="Missed","Missed visit",IF(H6="Scheduled","OK",IF(E6="","Missing weight",IF(OR(E6<'Check Rules'!$B$5,E6>'Check Rules'!$B$6),"Weight out of range",IF(OR(F6<'Check Rules'!$B$7,F6>'Check Rules'!$B$8),"Systolic BP out of range",IF(OR(G6<'Check Rules'!$B$9,G6>'Check Rules'!$B$10),"Diastolic BP out of range",IF(G6>=F6,"Diastolic >= systolic","OK"))))))))) -> OK
A7: SUBJ-002 | B7: SITE-002 | C7: Screening | D7: 46074 | E7: 61.4 | F7: 115 | G7: 78 | H7: Complete | I7: =IF(COUNTIF(Subjects!$A$2:$A$82,A7)=0,"Subject not in register",IF(D7<INDEX(Subjects!$C$2:$C$82,MATCH(A7,Subjects!$A$2:$A$82,0)),"Visit before enrollment",IF(H7="Missed","Missed visit",IF(H7="Scheduled","OK",IF(E7="","Missing weight",IF(OR(E7<'Check Rules'!$B$5,E7>'Check Rules'!$B$6),"Weight out of range",IF(OR(F7<'Check Rules'!$B$7,F7>'Check Rules'!$B$8),"Systolic BP out of range",IF(OR(G7<'Check Rules'!$B$9,G7>'Check Rules'!$B$10),"Diastolic BP out of range",IF(G7>=F7,"Diastolic >= systolic","OK"))))))))) -> OK
A8: SUBJ-002 | B8: SITE-002 | C8: Baseline | D8: 46076 | E8: 61.3 | F8: 121 | G8: 73 | H8: Complete | I8: =IF(COUNTIF(Subjects!$A$2:$A$82,A8)=0,"Subject not in register",IF(D8<INDEX(Subjects!$C$2:$C$82,MATCH(A8,Subjects!$A$2:$A$82,0)),"Visit before enrollment",IF(H8="Missed","Missed visit",IF(H8="Scheduled","OK",IF(E8="","Missing weight",IF(OR(E8<'Check Rules'!$B$5,E8>'Check Rules'!$B$6),"Weight out of range",IF(OR(F8<'Check Rules'!$B$7,F8>'Check Rules'!$B$8),"Systolic BP out of range",IF(OR(G8<'Check Rules'!$B$9,G8>'Check Rules'!$B$10),"Diastolic BP out of range",IF(G8>=F8,"Diastolic >= systolic","OK"))))))))) -> OK
A9: SUBJ-002 | B9: SITE-002 | C9: Week 4 | D9: 46104 | E9: 61.5 | F9: 126 | G9: 75 | H9: Complete | I9: =IF(COUNTIF(Subjects!$A$2:$A$82,A9)=0,"Subject not in register",IF(D9<INDEX(Subjects!$C$2:$C$82,MATCH(A9,Subjects!$A$2:$A$82,0)),"Visit before enrollment",IF(H9="Missed","Missed visit",IF(H9="Scheduled","OK",IF(E9="","Missing weight",IF(OR(E9<'Check Rules'!$B$5,E9>'Check Rules'!$B$6),"Weight out of range",IF(OR(F9<'Check Rules'!$B$7,F9>'Check Rules'!$B$8),"Systolic BP out of range",IF(OR(G9<'Check Rules'!$B$9,G9>'Check Rules'!$B$10),"Diastolic BP out of range",IF(G9>=F9,"Diastolic >= systolic","OK"))))))))) -> OK
A10: SUBJ-002 | B10: SITE-002 | C10: Week 8 | D10: 46132 | E10: 60.8 | F10: 115 | G10: 75 | H10: Complete | I10: =IF(COUNTIF(Subjects!$A$2:$A$82,A10)=0,"Subject not in register",IF(D10<INDEX(Subjects!$C$2:$C$82,MATCH(A10,Subjects!$A$2:$A$82,0)),"Visit before enrollment",IF(H10="Missed","Missed visit",IF(H10="Scheduled","OK",IF(E10="","Missing weight",IF(OR(E10<'Check Rules'!$B$5,E10>'Check Rules'!$B$6),"Weight out of range",IF(OR(F10<'Check Rules'!$B$7,F10>'Check Rules'!$B$8),"Systolic BP out of range",IF(OR(G10<'Check Rules'!$B$9,G10>'Check Rules'!$B$10),"Diastolic BP out of range",IF(G10>=F10,"Diastolic >= systolic","OK"))))))))) -> OK
A11: SUBJ-002 | B11: SITE-002 | C11: Week 12 | D11: 46160 | H11: Scheduled | I11: =IF(COUNTIF(Subjects!$A$2:$A$82,A11)=0,"Subject not in register",IF(D11<INDEX(Subjects!$C$2:$C$82,MATCH(A11,Subjects!$A$2:$A$82,0)),"Visit before enrollment",IF(H11="Missed","Missed visit",IF(H11="Scheduled","OK",IF(E11="","Missing weight",IF(OR(E11<'Check Rules'!$B$5,E11>'Check Rules'!$B$6),"Weight out of range",IF(OR(F11<'Check Rules'!$B$7,F11>'Check Rules'!$B$8),"Systolic BP out of range",IF(OR(G11<'Check Rules'!$B$9,G11>'Check Rules'!$B$10),"Diastolic BP out of range",IF(G11>=F11,"Diastolic >= systolic","OK"))))))))) -> OK
A12: SUBJ-003 | B12: SITE-001 | C12: Screening | D12: 46032 | E12: 72.6 | F12: 147 | G12: 71 | H12: Complete | I12: =IF(COUNTIF(Subjects!$A$2:$A$82,A12)=0,"Subject not in register",IF(D12<INDEX(Subjects!$C$2:$C$82,MATCH(A12,Subjects!$A$2:$A$82,0)),"Visit before enrollment",IF(H12="Missed","Missed visit",IF(H12="Scheduled","OK",IF(E12="","Missing weight",IF(OR(E12<'Check Rules'!$B$5,E12>'Check Rules'!$B$6),"Weight out of range",IF(OR(F12<'Check Rules'!$B$7,F12>'Check Rules'!$B$8),"Systolic BP out of range",IF(OR(G12<'Check Rules'!$B$9,G12>'Check Rules'!$B$10),"Diastolic BP out of range",IF(G12>=F12,"Diastolic >= systolic","OK"))))))))) -> OK
A13: SUBJ-003 | B13: SITE-001 | C13: Baseline | D13: 46034 | E13: 74.1 | F13: 141 | G13: 71 | H13: Complete | I13: =IF(COUNTIF(Subjects!$A$2:$A$82,A13)=0,"Subject not in register",IF(D13<INDEX(Subjects!$C$2:$C$82,MATCH(A13,Subjects!$A$2:$A$82,0)),"Visit before enrollment",IF(H13="Missed","Missed visit",IF(H13="Scheduled","OK",IF(E13="","Missing weight",IF(OR(E13<'Check Rules'!$B$5,E13>'Check Rules'!$B$6),"Weight out of range",IF(OR(F13<'Check Rules'!$B$7,F13>'Check Rules'!$B$8),"Systolic BP out of range",IF(OR(G13<'Check Rules'!$B$9,G13>'Check Rules'!$B$10),"Diastolic BP out of range",IF(G13>=F13,"Diastolic >= systolic","OK"))))))))) -> OK
A14: SUBJ-003 | B14: SITE-001 | C14: Week 4 | D14: 46062 | E14: 73.3 | F14: 150 | G14: 75 | H14: Complete | I14: =IF(COUNTIF(Subjects!$A$2:$A$82,A14)=0,"Subject not in register",IF(D14<INDEX(Subjects!$C$2:$C$82,MATCH(A14,Subjects!$A$2:$A$82,0)),"Visit before enrollment",IF(H14="Missed","Missed visit",IF(H14="Scheduled","OK",IF(E14="","Missing weight",IF(OR(E14<'Check Rules'!$B$5,E14>'Check Rules'!$B$6),"Weight out of range",IF(OR(F14<'Check Rules'!$B$7,F14>'Check Rules'!$B$8),"Systolic BP out of range",IF(OR(G14<'Check Rules'!$B$9,G14>'Check Rules'!$B$10),"Diastolic BP out of range",IF(G14>=F14,"Diastolic >= systolic","OK"))))))))) -> OK
A15: SUBJ-004 | B15: SITE-002 | C15: Screening | D15: 46072 | E15: 64.8 | F15: 134 | G15: 72 | H15: Complete | I15: =IF(COUNTIF(Subjects!$A$2:$A$82,A15)=0,"Subject not in register",IF(D15<INDEX(Subjects!$C$2:$C$82,MATCH(A15,Subjects!$A$2:$A$82,0)),"Visit before enrollment",IF(H15="Missed","Missed visit",IF(H15="Scheduled","OK",IF(E15="","Missing weight",IF(OR(E15<'Check Rules'!$B$5,E15>'Check Rules'!$B$6),"Weight out of range",IF(OR(F15<'Check Rules'!$B$7,F15>'Check Rules'!$B$8),"Systolic BP out of range",IF(OR(G15<'Check Rules'!$B$9,G15>'Check Rules'!$B$10),"Diastolic BP out of range",IF(G15>=F15,"Diastolic >= systolic","OK"))))))))) -> OK
A16: SUBJ-004 | B16: SITE-002 | C16: Baseline | D16: 46074 | E16: 63.7 | F16: 131 | G16: 83 | H16: Complete | I16: =IF(COUNTIF(Subjects!$A$2:$A$82,A16)=0,"Subject not in register",IF(D16<INDEX(Subjects!$C$2:$C$82,MATCH(A16,Subjects!$A$2:$A$82,0)),"Visit before enrollment",IF(H16="Missed","Missed visit",IF(H16="Scheduled","OK",IF(E16="","Missing weight",IF(OR(E16<'Check Rules'!$B$5,E16>'Check Rules'!$B$6),"Weight out of range",IF(OR(F16<'Check Rules'!$B$7,F16>'Check Rules'!$B$8),"Systolic BP out of range",IF(OR(G16<'Check Rules'!$B$9,G16>'Check Rules'!$B$10),"Diastolic BP out of range",IF(G16>=F16,"Diastolic >= systolic","OK"))))))))) -> OK
A17: SUBJ-005 | B17: SITE-005 | C17: Screening | D17: 46044 | E17: 74.2 | F17: 114 | G17: 79 | H17: Complete | I17: =IF(COUNTIF(Subjects!$A$2:$A$82,A17)=0,"Subject not in register",IF(D17<INDEX(Subjects!$C$2:$C$82,MATCH(A17,Subjects!$A$2:$A$82,0)),"Visit before enrollment",IF(H17="Missed","Missed visit",IF(H17="Scheduled","OK",IF(E17="","Missing weight",IF(OR(E17<'Check Rules'!$B$5,E17>'Check Rules'!$B$6),"Weight out of range",IF(OR(F17<'Check Rules'!$B$7,F17>'Check Rules'!$B$8),"Systolic BP out of range",IF(OR(G17<'Check Rules'!$B$9,G17>'Check Rules'!$B$10),"Diastolic BP out of range",IF(G17>=F17,"Diastolic >= systolic","OK"))))))))) -> OK
A18: SUBJ-005 | B18: SITE-005 | C18: Baseline | D18: 46046 | E18: 74.5 | F18: 118 | G18: 80 | H18: Complete | I18: =IF(COUNTIF(Subjects!$A$2:$A$82,A18)=0,"Subject not in register",IF(D18<INDEX(Subjects!$C$2:$C$82,MATCH(A18,Subjects!$A$2:$A$82,0)),"Visit before enrollment",IF(H18="Missed","Missed visit",IF(H18="Scheduled","OK",IF(E18="","Missing weight",IF(OR(E18<'Check Rules'!$B$5,E18>'Check Rules'!$B$6),"Weight out of range",IF(OR(F18<'Check Rules'!$B$7,F18>'Check Rules'!$B$8),"Systolic BP out of range",IF(OR(G18<'Check Rules'!$B$9,G18>'Check Rules'!$B$10),"Diastolic BP out of range",IF(G18>=F18,"Diastolic >= systolic","OK"))))))))) -> OK
A19: SUBJ-005 | B19: SITE-005 | C19: Week 4 | D19: 46074 | E19: 71.8 | F19: 112 | G19: 78 | H19: Complete | I19: =IF(COUNTIF(Subjects!$A$2:$A$82,A19)=0,"Subject not in register",IF(D19<INDEX(Subjects!$C$2:$C$82,MATCH(A19,Subjects!$A$2:$A$82,0)),"Visit before enrollment",IF(H19="Missed","Missed visit",IF(H19="Scheduled","OK",IF(E19="","Missing weight",IF(OR(E19<'Check Rules'!$B$5,E19>'Check Rules'!$B$6),"Weight out of range",IF(OR(F19<'Check Rules'!$B$7,F19>'Check Rules'!$B$8),"Systolic BP out of range",IF(OR(G19<'Check Rules'!$B$9,G19>'Check Rules'!$B$10),"Diastolic BP out of range",IF(G19>=F19,"Diastolic >= systolic","OK"))))))))) -> OK
A20: SUBJ-006 | B20: SITE-004 | C20: Screening | D20: 46048 | E20: 81.1 | F20: 121 | G20: 81 | H20: Complete | I20: =IF(COUNTIF(Subjects!$A$2:$A$82,A20)=0,"Subject not in register",IF(D20<INDEX(Subjects!$C$2:$C$82,MATCH(A20,Subjects!$A$2:$A$82,0)),"Visit before enrollment",IF(H20="Missed","Missed visit",IF(H20="Scheduled","OK",IF(E20="","Missing weight",IF(OR(E20<'Check Rules'!$B$5,E20>'Check Rules'!$B$6),"Weight out of range",IF(OR(F20<'Check Rules'!$B$7,F20>'Check Rules'!$B$8),"Systolic BP out of range",IF(OR(G20<'Check Rules'!$B$9,G20>'Check Rules'!$B$10),"Diastolic BP out of range",IF(G20>=F20,"Diastolic >= systolic","OK"))))))))) -> OK
A21: SUBJ-006 | B21: SITE-004 | C21: Baseline | D21: 46050 | E21: 80.5 | F21: 115 | G21: 77 | H21: Complete | I21: =IF(COUNTIF(Subjects!$A$2:$A$82,A21)=0,"Subject not in register",IF(D21<INDEX(Subjects!$C$2:$C$82,MATCH(A21,Subjects!$A$2:$A$82,0)),"Visit before enrollment",IF(H21="Missed","Missed visit",IF(H21="Scheduled","OK",IF(E21="","Missing weight",IF(OR(E21<'Check Rules'!$B$5,E21>'Check Rules'!$B$6),"Weight out of range",IF(OR(F21<'Check Rules'!$B$7,F21>'Check Rules'!$B$8),"Systolic BP out of range",IF(OR(G21<'Check Rules'!$B$9,G21>'Check Rules'!$B$10),"Diastolic BP out of range",IF(G21>=F21,"Diastolic >= systolic","OK"))))))))) -> OK
A22: SUBJ-007 | B22: SITE-001 | C22: Screening | D22: 46032 | E22: 49.2 | F22: 110 | G22: 66 | H22: Complete | I22: =IF(COUNTIF(Subjects!$A$2:$A$82,A22)=0,"Subject not in register",IF(D22<INDEX(Subjects!$C$2:$C$82,MATCH(A22,Subjects!$A$2:$A$82,0)),"Visit before enrollment",IF(H22="Missed","Missed visit",IF(H22="Scheduled","OK",IF(E22="","Missing weight",IF(OR(E22<'Check Rules'!$B$5,E22>'Check Rules'!$B$6),"Weight out of range",IF(OR(F22<'Check Rules'!$B$7,F22>'Check Rules'!$B$8),"Systolic BP out of range",IF(OR(G22<'Check Rules'!$B$9,G22>'Check Rules'!$B$10),"Diastolic BP out of range",IF(G22>=F22,"Diastolic >= systolic","OK"))))))))) -> OK
A23: SUBJ-007 | B23: SITE-001 | C23: Baseline | D23: 46011 | E23: 49.1 | F23: 121 | G23: 69 | H23: Complete | I23: =IF(COUNTIF(Subjects!$A$2:$A$82,A23)=0,"Subject not in register",IF(D23<INDEX(Subjects!$C$2:$C$82,MATCH(A23,Subjects!$A$2:$A$82,0)),"Visit before enrollment",IF(H23="Missed","Missed visit",IF(H23="Scheduled","OK",IF(E23="","Missing weight",IF(OR(E23<'Check Rules'!$B$5,E23>'Check Rules'!$B$6),"Weight out of range",IF(OR(F23<'Check Rules'!$B$7,F23>'Check Rules'!$B$8),"Systolic BP out of range",IF(OR(G23<'Check Rules'!$B$9,G23>'Check Rules'!$B$10),"Diastolic BP out of range",IF(G23>=F23,"Diastolic >= systolic","OK"))))))))) -> Visit before enrollment
... A32: SUBJ-010 | B32: SITE-002 | C32: Screening | D32: 46072 | E32: 67.1 | F32: 120 | G32: 83 | H32: Complete | I32: =IF(COUNTIF(Subjects!$A$2:$A$82,A32)=0,"Subject not in register",IF(D32<INDEX(Subjects!$C$2:$C$82,MATCH(A32,Subjects!$A$2:$A$82,0)),"Visit before enrollment",IF(H32="Missed","Missed visit",IF(H32="Scheduled","OK",IF(E32="","Missing weight",IF(OR(E32<'Check Rules'!$B$5,E32>'Check Rules'!$B$6),"Weight out of range",IF(OR(F32<'Check Rules'!$B$7,F32>'Check Rules'!$B$8),"Systolic BP out of range",IF(OR(G32<'Check Rules'!$B$9,G32>'Check Rules'!$B$10),"Diastolic BP out of range",IF(G32>=F32,"Diastolic >= systolic","OK"))))))))) -> OK
A33: SUBJ-010 | B33: SITE-002 | C33: Baseline | D33: 46074 | F33: 124 | G33: 80 | H33: Complete | I33: =IF(COUNTIF(Subjects!$A$2:$A$82,A33)=0,"Subject not in register",IF(D33<INDEX(Subjects!$C$2:$C$82,MATCH(A33,Subjects!$A$2:$A$82,0)),"Visit before enrollment",IF(H33="Missed","Missed visit",IF(H33="Scheduled","OK",IF(E33="","Missing weight",IF(OR(E33<'Check Rules'!$B$5,E33>'Check Rules'!$B$6),"Weight out of range",IF(OR(F33<'Check Rules'!$B$7,F33>'Check Rules'!$B$8),"Systolic BP out of range",IF(OR(G33<'Check Rules'!$B$9,G33>'Check Rules'!$B$10),"Diastolic BP out of range",IF(G33>=F33,"Diastolic >= systolic","OK"))))))))) -> Missing weight
A34: SUBJ-010 | B34: SITE-002 | C34: Week 4 | D34: 46102 | E34: 64.7 | F34: 127 | G34: 76 | H34: Complete | I34: =IF(COUNTIF(Subjects!$A$2:$A$82,A34)=0,"Subject not in register",IF(D34<INDEX(Subjects!$C$2:$C$82,MATCH(A34,Subjects!$A$2:$A$82,0)),"Visit before enrollment",IF(H34="Missed","Missed visit",IF(H34="Scheduled","OK",IF(E34="","Missing weight",IF(OR(E34<'Check Rules'!$B$5,E34>'Check Rules'!$B$6),"Weight out of range",IF(OR(F34<'Check Rules'!$B$7,F34>'Check Rules'!$B$8),"Systolic BP out of range",IF(OR(G34<'Check Rules'!$B$9,G34>'Check Rules'!$B$10),"Diastolic BP out of range",IF(G34>=F34,"Diastolic >= systolic","OK"))))))))) -> OK
A35: SUBJ-010 | B35: SITE-002 | C35: Week 8 | D35: 46130 | E35: 66.4 | F35: 133 | G35: 77 | H35: Complete | I35: =IF(COUNTIF(Subjects!$A$2:$A$82,A35)=0,"Subject not in register",IF(D35<INDEX(Subjects!$C$2:$C$82,MATCH(A35,Subjects!$A$2:$A$82,0)),"Visit before enrollment",IF(H35="Missed","Missed visit",IF(H35="Scheduled","OK",IF(E35="","Missing weight",IF(OR(E35<'Check Rules'!$B$5,E35>'Check Rules'!$B$6),"Weight out of range",IF(OR(F35<'Check Rules'!$B$7,F35>'Check Rules'!$B$8),"Systolic BP out of range",IF(OR(G35<'Check Rules'!$B$9,G35>'Check Rules'!$B$10),"Diastolic BP out of range",IF(G35>=F35,"Diastolic >= systolic","OK"))))))))) -> OK
A36: SUBJ-011 | B36: SITE-001 | C36: Screening | D36: 46041 | E36: 54.1 | F36: 130 | G36: 74 | H36: Complete | I36: =IF(COUNTIF(Subjects!$A$2:$A$82,A36)=0,"Subject not in register",IF(D36<INDEX(Subjects!$C$2:$C$82,MATCH(A36,Subjects!$A$2:$A$82,0)),"Visit before enrollment",IF(H36="Missed","Missed visit",IF(H36="Scheduled","OK",IF(E36="","Missing weight",IF(OR(E36<'Check Rules'!$B$5,E36>'Check Rules'!$B$6),"Weight out of range",IF(OR(F36<'Check Rules'!$B$7,F36>'Check Rules'!$B$8),"Systolic BP out of range",IF(OR(G36<'Check Rules'!$B$9,G36>'Check Rules'!$B$10),"Diastolic BP out of range",IF(G36>=F36,"Diastolic >= systolic","OK"))))))))) -> OK
A37: SUBJ-011 | B37: SITE-001 | C37: Baseline | D37: 46043 | E37: 53.2 | F37: 132 | G37: 72 | H37: Complete | I37: =IF(COUNTIF(Subjects!$A$2:$A$82,A37)=0,"Subject not in register",IF(D37<INDEX(Subjects!$C$2:$C$82,MATCH(A37,Subjects!$A$2:$A$82,0)),"Visit before enrollment",IF(H37="Missed","Missed visit",IF(H37="Scheduled","OK",IF(E37="","Missing weight",IF(OR(E37<'Check Rules'!$B$5,E37>'Check Rules'!$B$6),"Weight out of range",IF(OR(F37<'Check Rules'!$B$7,F37>'Check Rules'!$B$8),"Systolic BP out of range",IF(OR(G37<'Check Rules'!$B$9,G37>'Check Rules'!$B$10),"Diastolic BP out of range",IF(G37>=F37,"Diastolic >= systolic","OK"))))))))) -> OK
A38: SUBJ-011 | B38: SITE-001 | C38: Week 4 | D38: 46071 | E38: 54.8 | F38: 113 | G38: 73 | H38: Complete | I38: =IF(COUNTIF(Subjects!$A$2:$A$82,A38)=0,"Subject not in register",IF(D38<INDEX(Subjects!$C$2:$C$82,MATCH(A38,Subjects!$A$2:$A$82,0)),"Visit before enrollment",IF(H38="Missed","Missed visit",IF(H38="Scheduled","OK",IF(E38="","Missing weight",IF(OR(E38<'Check Rules'!$B$5,E38>'Check Rules'!$B$6),"Weight out of range",IF(OR(F38<'Check Rules'!$B$7,F38>'Check Rules'!$B$8),"Systolic BP out of range",IF(OR(G38<'Check Rules'!$B$9,G38>'Check Rules'!$B$10),"Diastolic BP out of range",IF(G38>=F38,"Diastolic >= systolic","OK"))))))))) -> OK
A39: SUBJ-012 | B39: SITE-004 | C39: Screening | D39: 46067 | E39: 61.6 | F39: 143 | G39: 71 | H39: Complete | I39: =IF(COUNTIF(Subjects!$A$2:$A$82,A39)=0,"Subject not in register",IF(D39<INDEX(Subjects!$C$2:$C$82,MATCH(A39,Subjects!$A$2:$A$82,0)),"Visit before enrollment",IF(H39="Missed","Missed visit",IF(H39="Scheduled","OK",IF(E39="","Missing weight",IF(OR(E39<'Check Rules'!$B$5,E39>'Check Rules'!$B$6),"Weight out of range",IF(OR(F39<'Check Rules'!$B$7,F39>'Check Rules'!$B$8),"Systolic BP out of range",IF(OR(G39<'Check Rules'!$B$9,G39>'Check Rules'!$B$10),"Diastolic BP out of range",IF(G39>=F39,"Diastolic >= systolic","OK"))))))))) -> OK
A40: SUBJ-012 | B40: SITE-004 | C40: Baseline | D40: 46069 | E40: 62.1 | F40: 135 | G40: 76 | H40: Complete | I40: =IF(COUNTIF(Subjects!$A$2:$A$82,A40)=0,"Subject not in register",IF(D40<INDEX(Subjects!$C$2:$C$82,MATCH(A40,Subjects!$A$2:$A$82,0)),"Visit before enrollment",IF(H40="Missed","Missed visit",IF(H40="Scheduled","OK",IF(E40="","Missing weight",IF(OR(E40<'Check Rules'!$B$5,E40>'Check Rules'!$B$6),"Weight out of range",IF(OR(F40<'Check Rules'!$B$7,F40>'Check Rules'!$B$8),"Systolic BP out of range",IF(OR(G40<'Check Rules'!$B$9,G40>'Check Rules'!$B$10),"Diastolic BP out of range",IF(G40>=F40,"Diastolic >= systolic","OK"))))))))) -> OK
A41: SUBJ-012 | B41: SITE-004 | C41: Week 4 | D41: 46097 | E41: 62.1 | F41: 139 | G41: 76 | H41: Complete | I41: =IF(COUNTIF(Subjects!$A$2:$A$82,A41)=0,"Subject not in register",IF(D41<INDEX(Subjects!$C$2:$C$82,MATCH(A41,Subjects!$A$2:$A$82,0)),"Visit before enrollment",IF(H41="Missed","Missed visit",IF(H41="Scheduled","OK",IF(E41="","Missing weight",IF(OR(E41<'Check Rules'!$B$5,E41>'Check Rules'!$B$6),"Weight out of range",IF(OR(F41<'Check Rules'!$B$7,F41>'Check Rules'!$B$8),"Systolic BP out of range",IF(OR(G41<'Check Rules'!$B$9,G41>'Check Rules'!$B$10),"Diastolic BP out of range",IF(G41>=F41,"Diastolic >= systolic","OK"))))))))) -> OK
A42: SUBJ-012 | B42: SITE-004 | C42: Week 8 | D42: 46125 | E42: 62.2 | F42: 137 | G42: 75 | H42: Complete | I42: =IF(COUNTIF(Subjects!$A$2:$A$82,A42)=0,"Subject not in register",IF(D42<INDEX(Subjects!$C$2:$C$82,MATCH(A42,Subjects!$A$2:$A$82,0)),"Visit before enrollment",IF(H42="Missed","Missed visit",IF(H42="Scheduled","OK",IF(E42="","Missing weight",IF(OR(E42<'Check Rules'!$B$5,E42>'Check Rules'!$B$6),"Weight out of range",IF(OR(F42<'Check Rules'!$B$7,F42>'Check Rules'!$B$8),"Systolic BP out of range",IF(OR(G42<'Check Rules'!$B$9,G42>'Check Rules'!$B$10),"Diastolic BP out of range",IF(G42>=F42,"Diastolic >= systolic","OK"))))))))) -> OK
A43: SUBJ-013 | B43: SITE-003 | C43: Screening | D43: 46040 | E43: 72.1 | F43: 139 | G43: 83 | H43: Complete | I43: =IF(COUNTIF(Subjects!$A$2:$A$82,A43)=0,"Subject not in register",IF(D43<INDEX(Subjects!$C$2:$C$82,MATCH(A43,Subjects!$A$2:$A$82,0)),"Visit before enrollment",IF(H43="Missed","Missed visit",IF(H43="Scheduled","OK",IF(E43="","Missing weight",IF(OR(E43<'Check Rules'!$B$5,E43>'Check Rules'!$B$6),"Weight out of range",IF(OR(F43<'Check Rules'!$B$7,F43>'Check Rules'!$B$8),"Systolic BP out of range",IF(OR(G43<'Check Rules'!$B$9,G43>'Check Rules'!$B$10),"Diastolic BP out of range",IF(G43>=F43,"Diastolic >= systolic","OK"))))))))) -> OK
A44: SUBJ-013 | B44: SITE-003 | C44: Baseline | D44: 46042 | E44: 71.9 | F44: 136 | G44: 69 | H44: Complete | I44: =IF(COUNTIF(Subjects!$A$2:$A$82,A44)=0,"Subject not in register",IF(D44<INDEX(Subjects!$C$2:$C$82,MATCH(A44,Subjects!$A$2:$A$82,0)),"Visit before enrollment",IF(H44="Missed","Missed visit",IF(H44="Scheduled","OK",IF(E44="","Missing weight",IF(OR(E44<'Check Rules'!$B$5,E44>'Check Rules'!$B$6),"Weight out of range",IF(OR(F44<'Check Rules'!$B$7,F44>'Check Rules'!$B$8),"Systolic BP out of range",IF(OR(G44<'Check Rules'!$B$9,G44>'Check Rules'!$B$10),"Diastolic BP out of range",IF(G44>=F44,"Diastolic >= systolic","OK"))))))))) -> OK
A45: SUBJ-013 | B45: SITE-003 | C45: Week 4 | D45: 46070 | E45: 72.3 | F45: 124 | G45: 70 | H45: Complete | I45: =IF(COUNTIF(Subjects!$A$2:$A$82,A45)=0,"Subject not in register",IF(D45<INDEX(Subjects!$C$2:$C$82,MATCH(A45,Subjects!$A$2:$A$82,0)),"Visit before enrollment",IF(H45="Missed","Missed visit",IF(H45="Scheduled","OK",IF(E45="","Missing weight",IF(OR(E45<'Check Rules'!$B$5,E45>'Check Rules'!$B$6),"Weight out of range",IF(OR(F45<'Check Rules'!$B$7,F45>'Check Rules'!$B$8),"Systolic BP out of range",IF(OR(G45<'Check Rules'!$B$9,G45>'Check Rules'!$B$10),"Diastolic BP out of range",IF(G45>=F45,"Diastolic >= systolic","OK"))))))))) -> OK
... A105: SUBJ-031 | B105: SITE-004 | C105: Week 8 | D105: 46120 | E105: 71.8 | F105: 132 | G105: 75 | H105: Complete | I105: =IF(COUNTIF(Subjects!$A$2:$A$82,A105)=0,"Subject not in register",IF(D105<INDEX(Subjects!$C$2:$C$82,MATCH(A105,Subjects!$A$2:$A$82,0)),"Visit before enrollment",IF(H105="Missed","Missed visit",IF(H105="Scheduled","OK",IF(E105="","Missing weight",IF(OR(E105<'Check Rules'!$B$5,E105>'Check Rules'!$B$6),"Weight out of range",IF(OR(F105<'Check Rules'!$B$7,F105>'Check Rules'!$B$8),"Systolic BP out of range",IF(OR(G105<'Check Rules'!$B$9,G105>'Check Rules'!$B$10),"Diastolic BP out of range",IF(G105>=F105,"Diastolic >= systolic","OK"))))))))) -> OK
A106: SUBJ-031 | B106: SITE-004 | C106: Week 12 | D106: 46148 | H106: Scheduled | I106: =IF(COUNTIF(Subjects!$A$2:$A$82,A106)=0,"Subject not in register",IF(D106<INDEX(Subjects!$C$2:$C$82,MATCH(A106,Subjects!$A$2:$A$82,0)),"Visit before enrollment",IF(H106="Missed","Missed visit",IF(H106="Scheduled","OK",IF(E106="","Missing weight",IF(OR(E106<'Check Rules'!$B$5,E106>'Check Rules'!$B$6),"Weight out of range",IF(OR(F106<'Check Rules'!$B$7,F106>'Check Rules'!$B$8),"Systolic BP out of range",IF(OR(G106<'Check Rules'!$B$9,G106>'Check Rules'!$B$10),"Diastolic BP out of range",IF(G106>=F106,"Diastolic >= systolic","OK"))))))))) -> OK
A107: SUBJ-032 | B107: SITE-005 | C107: Screening | D107: 46075 | E107: 84.7 | F107: 119 | G107: 85 | H107: Complete | I107: =IF(COUNTIF(Subjects!$A$2:$A$82,A107)=0,"Subject not in register",IF(D107<INDEX(Subjects!$C$2:$C$82,MATCH(A107,Subjects!$A$2:$A$82,0)),"Visit before enrollment",IF(H107="Missed","Missed visit",IF(H107="Scheduled","OK",IF(E107="","Missing weight",IF(OR(E107<'Check Rules'!$B$5,E107>'Check Rules'!$B$6),"Weight out of range",IF(OR(F107<'Check Rules'!$B$7,F107>'Check Rules'!$B$8),"Systolic BP out of range",IF(OR(G107<'Check Rules'!$B$9,G107>'Check Rules'!$B$10),"Diastolic BP out of range",IF(G107>=F107,"Diastolic >= systolic","OK"))))))))) -> OK
A108: SUBJ-032 | B108: SITE-005 | C108: Baseline | D108: 46077 | E108: 85.1 | F108: 125 | G108: 82 | H108: Complete | I108: =IF(COUNTIF(Subjects!$A$2:$A$82,A108)=0,"Subject not in register",IF(D108<INDEX(Subjects!$C$2:$C$82,MATCH(A108,Subjects!$A$2:$A$82,0)),"Visit before enrollment",IF(H108="Missed","Missed visit",IF(H108="Scheduled","OK",IF(E108="","Missing weight",IF(OR(E108<'Check Rules'!$B$5,E108>'Check Rules'!$B$6),"Weight out of range",IF(OR(F108<'Check Rules'!$B$7,F108>'Check Rules'!$B$8),"Systolic BP out of range",IF(OR(G108<'Check Rules'!$B$9,G108>'Check Rules'!$B$10),"Diastolic BP out of range",IF(G108>=F108,"Diastolic >= systolic","OK"))))))))) -> OK
A109: SUBJ-032 | B109: SITE-005 | C109: Week 4 | D109: 46105 | E109: 84.8 | F109: 116 | G109: 86 | H109: Complete | I109: =IF(COUNTIF(Subjects!$A$2:$A$82,A109)=0,"Subject not in register",IF(D109<INDEX(Subjects!$C$2:$C$82,MATCH(A109,Subjects!$A$2:$A$82,0)),"Visit before enrollment",IF(H109="Missed","Missed visit",IF(H109="Scheduled","OK",IF(E109="","Missing weight",IF(OR(E109<'Check Rules'!$B$5,E109>'Check Rules'!$B$6),"Weight out of range",IF(OR(F109<'Check Rules'!$B$7,F109>'Check Rules'!$B$8),"Systolic BP out of range",IF(OR(G109<'Check Rules'!$B$9,G109>'Check Rules'!$B$10),"Diastolic BP out of range",IF(G109>=F109,"Diastolic >= systolic","OK"))))))))) -> OK
A110: SUBJ-032 | B110: SITE-005 | C110: Week 8 | D110: 46133 | E110: 84.1 | F110: 128 | G110: 86 | H110: Complete | I110: =IF(COUNTIF(Subjects!$A$2:$A$82,A110)=0,"Subject not in register",IF(D110<INDEX(Subjects!$C$2:$C$82,MATCH(A110,Subjects!$A$2:$A$82,0)),"Visit before enrollment",IF(H110="Missed","Missed visit",IF(H110="Scheduled","OK",IF(E110="","Missing weight",IF(OR(E110<'Check Rules'!$B$5,E110>'Check Rules'!$B$6),"Weight out of range",IF(OR(F110<'Check Rules'!$B$7,F110>'Check Rules'!$B$8),"Systolic BP out of range",IF(OR(G110<'Check Rules'!$B$9,G110>'Check Rules'!$B$10),"Diastolic BP out of range",IF(G110>=F110,"Diastolic >= systolic","OK"))))))))) -> OK
A111: SUBJ-033 | B111: SITE-003 | C111: Screening | D111: 46055 | E111: 56.9 | F111: 128 | G111: 71 | H111: Complete | I111: =IF(COUNTIF(Subjects!$A$2:$A$82,A111)=0,"Subject not in register",IF(D111<INDEX(Subjects!$C$2:$C$82,MATCH(A111,Subjects!$A$2:$A$82,0)),"Visit before enrollment",IF(H111="Missed","Missed visit",IF(H111="Scheduled","OK",IF(E111="","Missing weight",IF(OR(E111<'Check Rules'!$B$5,E111>'Check Rules'!$B$6),"Weight out of range",IF(OR(F111<'Check Rules'!$B$7,F111>'Check Rules'!$B$8),"Systolic BP out of range",IF(OR(G111<'Check Rules'!$B$9,G111>'Check Rules'!$B$10),"Diastolic BP out of range",IF(G111>=F111,"Diastolic >= systolic","OK"))))))))) -> OK
A112: SUBJ-033 | B112: SITE-003 | C112: Baseline | D112: 46057 | E112: 56.9 | F112: 131 | G112: 62 | H112: Complete | I112: =IF(COUNTIF(Subjects!$A$2:$A$82,A112)=0,"Subject not in register",IF(D112<INDEX(Subjects!$C$2:$C$82,MATCH(A112,Subjects!$A$2:$A$82,0)),"Visit before enrollment",IF(H112="Missed","Missed visit",IF(H112="Scheduled","OK",IF(E112="","Missing weight",IF(OR(E112<'Check Rules'!$B$5,E112>'Check Rules'!$B$6),"Weight out of range",IF(OR(F112<'Check Rules'!$B$7,F112>'Check Rules'!$B$8),"Systolic BP out of range",IF(OR(G112<'Check Rules'!$B$9,G112>'Check Rules'!$B$10),"Diastolic BP out of range",IF(G112>=F112,"Diastolic >= systolic","OK"))))))))) -> OK
A113: SUBJ-033 | B113: SITE-003 | C113: Week 4 | D113: 46085 | E113: 56.7 | F113: 137 | G113: 72 | H113: Complete | I113: =IF(COUNTIF(Subjects!$A$2:$A$82,A113)=0,"Subject not in register",IF(D113<INDEX(Subjects!$C$2:$C$82,MATCH(A113,Subjects!$A$2:$A$82,0)),"Visit before enrollment",IF(H113="Missed","Missed visit",IF(H113="Scheduled","OK",IF(E113="","Missing weight",IF(OR(E113<'Check Rules'!$B$5,E113>'Check Rules'!$B$6),"Weight out of range",IF(OR(F113<'Check Rules'!$B$7,F113>'Check Rules'!$B$8),"Systolic BP out of range",IF(OR(G113<'Check Rules'!$B$9,G113>'Check Rules'!$B$10),"Diastolic BP out of range",IF(G113>=F113,"Diastolic >= systolic","OK"))))))))) -> OK
A114: SUBJ-033 | B114: SITE-003 | C114: Week 8 | D114: 46113 | E114: 56.4 | F114: 120 | G114: 72 | H114: Complete | I114: =IF(COUNTIF(Subjects!$A$2:$A$82,A114)=0,"Subject not in register",IF(D114<INDEX(Subjects!$C$2:$C$82,MATCH(A114,Subjects!$A$2:$A$82,0)),"Visit before enrollment",IF(H114="Missed","Missed visit",IF(H114="Scheduled","OK",IF(E114="","Missing weight",IF(OR(E114<'Check Rules'!$B$5,E114>'Check Rules'!$B$6),"Weight out of range",IF(OR(F114<'Check Rules'!$B$7,F114>'Check Rules'!$B$8),"Systolic BP out of range",IF(OR(G114<'Check Rules'!$B$9,G114>'Check Rules'!$B$10),"Diastolic BP out of range",IF(G114>=F114,"Diastolic >= systolic","OK"))))))))) -> OK
A115: SUBJ-033 | B115: SITE-003 | C115: Week 12 | D115: 46141 | E115: 55.3 | F115: 115 | G115: 70 | H115: Complete | I115: =IF(COUNTIF(Subjects!$A$2:$A$82,A115)=0,"Subject not in register",IF(D115<INDEX(Subjects!$C$2:$C$82,MATCH(A115,Subjects!$A$2:$A$82,0)),"Visit before enrollment",IF(H115="Missed","Missed visit",IF(H115="Scheduled","OK",IF(E115="","Missing weight",IF(OR(E115<'Check Rules'!$B$5,E115>'Check Rules'!$B$6),"Weight out of range",IF(OR(F115<'Check Rules'!$B$7,F115>'Check Rules'!$B$8),"Systolic BP out of range",IF(OR(G115<'Check Rules'!$B$9,G115>'Check Rules'!$B$10),"Diastolic BP out of range",IF(G115>=F115,"Diastolic >= systolic","OK"))))))))) -> OK
A116: SUBJ-034 | B116: SITE-002 | C116: Screening | D116: 46031 | E116: 49 | F116: 115 | G116: 71 | H116: Complete | I116: =IF(COUNTIF(Subjects!$A$2:$A$82,A116)=0,"Subject not in register",IF(D116<INDEX(Subjects!$C$2:$C$82,MATCH(A116,Subjects!$A$2:$A$82,0)),"Visit before enrollment",IF(H116="Missed","Missed visit",IF(H116="Scheduled","OK",IF(E116="","Missing weight",IF(OR(E116<'Check Rules'!$B$5,E116>'Check Rules'!$B$6),"Weight out of range",IF(OR(F116<'Check Rules'!$B$7,F116>'Check Rules'!$B$8),"Systolic BP out of range",IF(OR(G116<'Check Rules'!$B$9,G116>'Check Rules'!$B$10),"Diastolic BP out of range",IF(G116>=F116,"Diastolic >= systolic","OK"))))))))) -> OK
A117: SUBJ-034 | B117: SITE-002 | C117: Baseline | D117: 46033 | E117: 49.4 | F117: 120 | G117: 75 | H117: Complete | I117: =IF(COUNTIF(Subjects!$A$2:$A$82,A117)=0,"Subject not in register",IF(D117<INDEX(Subjects!$C$2:$C$82,MATCH(A117,Subjects!$A$2:$A$82,0)),"Visit before enrollment",IF(H117="Missed","Missed visit",IF(H117="Scheduled","OK",IF(E117="","Missing weight",IF(OR(E117<'Check Rules'!$B$5,E117>'Check Rules'!$B$6),"Weight out of range",IF(OR(F117<'Check Rules'!$B$7,F117>'Check Rules'!$B$8),"Systolic BP out of range",IF(OR(G117<'Check Rules'!$B$9,G117>'Check Rules'!$B$10),"Diastolic BP out of range",IF(G117>=F117,"Diastolic >= systolic","OK"))))))))) -> OK
A118: SUBJ-034 | B118: SITE-002 | C118: Week 4 | D118: 46061 | E118: 47.8 | F118: 132 | G118: 73 | H118: Complete | I118: =IF(COUNTIF(Subjects!$A$2:$A$82,A118)=0,"Subject not in register",IF(D118<INDEX(Subjects!$C$2:$C$82,MATCH(A118,Subjects!$A$2:$A$82,0)),"Visit before enrollment",IF(H118="Missed","Missed visit",IF(H118="Scheduled","OK",IF(E118="","Missing weight",IF(OR(E118<'Check Rules'!$B$5,E118>'Check Rules'!$B$6),"Weight out of range",IF(OR(F118<'Check Rules'!$B$7,F118>'Check Rules'!$B$8),"Systolic BP out of range",IF(OR(G118<'Check Rules'!$B$9,G118>'Check Rules'!$B$10),"Diastolic BP out of range",IF(G118>=F118,"Diastolic >= systolic","OK"))))))))) -> OK
... A155: SUBJ-045 | B155: SITE-004 | C155: Week 8 | D155: 46115 | E155: 75.6 | F155: 103 | G155: 78 | H155: Complete | I155: =IF(COUNTIF(Subjects!$A$2:$A$82,A155)=0,"Subject not in register",IF(D155<INDEX(Subjects!$C$2:$C$82,MATCH(A155,Subjects!$A$2:$A$82,0)),"Visit before enrollment",IF(H155="Missed","Missed visit",IF(H155="Scheduled","OK",IF(E155="","Missing weight",IF(OR(E155<'Check Rules'!$B$5,E155>'Check Rules'!$B$6),"Weight out of range",IF(OR(F155<'Check Rules'!$B$7,F155>'Check Rules'!$B$8),"Systolic BP out of range",IF(OR(G155<'Check Rules'!$B$9,G155>'Check Rules'!$B$10),"Diastolic BP out of range",IF(G155>=F155,"Diastolic >= systolic","OK"))))))))) -> OK
A156: SUBJ-045 | B156: SITE-004 | C156: Week 12 | D156: 46143 | H156: Scheduled | I156: =IF(COUNTIF(Subjects!$A$2:$A$82,A156)=0,"Subject not in register",IF(D156<INDEX(Subjects!$C$2:$C$82,MATCH(A156,Subjects!$A$2:$A$82,0)),"Visit before enrollment",IF(H156="Missed","Missed visit",IF(H156="Scheduled","OK",IF(E156="","Missing weight",IF(OR(E156<'Check Rules'!$B$5,E156>'Check Rules'!$B$6),"Weight out of range",IF(OR(F156<'Check Rules'!$B$7,F156>'Check Rules'!$B$8),"Systolic BP out of range",IF(OR(G156<'Check Rules'!$B$9,G156>'Check Rules'!$B$10),"Diastolic BP out of range",IF(G156>=F156,"Diastolic >= systolic","OK"))))))))) -> OK
A157: SUBJ-046 | B157: SITE-004 | C157: Screening | D157: 46027 | E157: 89.9 | F157: 131 | G157: 78 | H157: Complete | I157: =IF(COUNTIF(Subjects!$A$2:$A$82,A157)=0,"Subject not in register",IF(D157<INDEX(Subjects!$C$2:$C$82,MATCH(A157,Subjects!$A$2:$A$82,0)),"Visit before enrollment",IF(H157="Missed","Missed visit",IF(H157="Scheduled","OK",IF(E157="","Missing weight",IF(OR(E157<'Check Rules'!$B$5,E157>'Check Rules'!$B$6),"Weight out of range",IF(OR(F157<'Check Rules'!$B$7,F157>'Check Rules'!$B$8),"Systolic BP out of range",IF(OR(G157<'Check Rules'!$B$9,G157>'Check Rules'!$B$10),"Diastolic BP out of range",IF(G157>=F157,"Diastolic >= systolic","OK"))))))))) -> OK
A158: SUBJ-046 | B158: SITE-004 | C158: Baseline | D158: 46029 | E158: 89 | F158: 138 | G158: 77 | H158: Complete | I158: =IF(COUNTIF(Subjects!$A$2:$A$82,A158)=0,"Subject not in register",IF(D158<INDEX(Subjects!$C$2:$C$82,MATCH(A158,Subjects!$A$2:$A$82,0)),"Visit before enrollment",IF(H158="Missed","Missed visit",IF(H158="Scheduled","OK",IF(E158="","Missing weight",IF(OR(E158<'Check Rules'!$B$5,E158>'Check Rules'!$B$6),"Weight out of range",IF(OR(F158<'Check Rules'!$B$7,F158>'Check Rules'!$B$8),"Systolic BP out of range",IF(OR(G158<'Check Rules'!$B$9,G158>'Check Rules'!$B$10),"Diastolic BP out of range",IF(G158>=F158,"Diastolic >= systolic","OK"))))))))) -> OK
A159: SUBJ-046 | B159: SITE-004 | C159: Week 4 | D159: 46057 | E159: 89.8 | F159: 133 | G159: 80 | H159: Complete | I159: =IF(COUNTIF(Subjects!$A$2:$A$82,A159)=0,"Subject not in register",IF(D159<INDEX(Subjects!$C$2:$C$82,MATCH(A159,Subjects!$A$2:$A$82,0)),"Visit before enrollment",IF(H159="Missed","Missed visit",IF(H159="Scheduled","OK",IF(E159="","Missing weight",IF(OR(E159<'Check Rules'!$B$5,E159>'Check Rules'!$B$6),"Weight out of range",IF(OR(F159<'Check Rules'!$B$7,F159>'Check Rules'!$B$8),"Systolic BP out of range",IF(OR(G159<'Check Rules'!$B$9,G159>'Check Rules'!$B$10),"Diastolic BP out of range",IF(G159>=F159,"Diastolic >= systolic","OK"))))))))) -> OK
A160: SUBJ-046 | B160: SITE-004 | C160: Week 8 | D160: 46085 | E160: 90.7 | F160: 122 | G160: 86 | H160: Complete | I160: =IF(COUNTIF(Subjects!$A$2:$A$82,A160)=0,"Subject not in register",IF(D160<INDEX(Subjects!$C$2:$C$82,MATCH(A160,Subjects!$A$2:$A$82,0)),"Visit before enrollment",IF(H160="Missed","Missed visit",IF(H160="Scheduled","OK",IF(E160="","Missing weight",IF(OR(E160<'Check Rules'!$B$5,E160>'Check Rules'!$B$6),"Weight out of range",IF(OR(F160<'Check Rules'!$B$7,F160>'Check Rules'!$B$8),"Systolic BP out of range",IF(OR(G160<'Check Rules'!$B$9,G160>'Check Rules'!$B$10),"Diastolic BP out of range",IF(G160>=F160,"Diastolic >= systolic","OK"))))))))) -> OK
A161: SUBJ-047 | B161: SITE-004 | C161: Screening | D161: 46071 | E161: 68.5 | F161: 119 | G161: 90 | H161: Complete | I161: =IF(COUNTIF(Subjects!$A$2:$A$82,A161)=0,"Subject not in register",IF(D161<INDEX(Subjects!$C$2:$C$82,MATCH(A161,Subjects!$A$2:$A$82,0)),"Visit before enrollment",IF(H161="Missed","Missed visit",IF(H161="Scheduled","OK",IF(E161="","Missing weight",IF(OR(E161<'Check Rules'!$B$5,E161>'Check Rules'!$B$6),"Weight out of range",IF(OR(F161<'Check Rules'!$B$7,F161>'Check Rules'!$B$8),"Systolic BP out of range",IF(OR(G161<'Check Rules'!$B$9,G161>'Check Rules'!$B$10),"Diastolic BP out of range",IF(G161>=F161,"Diastolic >= systolic","OK"))))))))) -> OK
A162: SUBJ-047 | B162: SITE-004 | C162: Baseline | D162: 46073 | E162: 70.4 | F162: 119 | G162: 87 | H162: Complete | I162: =IF(COUNTIF(Subjects!$A$2:$A$82,A162)=0,"Subject not in register",IF(D162<INDEX(Subjects!$C$2:$C$82,MATCH(A162,Subjects!$A$2:$A$82,0)),"Visit before enrollment",IF(H162="Missed","Missed visit",IF(H162="Scheduled","OK",IF(E162="","Missing weight",IF(OR(E162<'Check Rules'!$B$5,E162>'Check Rules'!$B$6),"Weight out of range",IF(OR(F162<'Check Rules'!$B$7,F162>'Check Rules'!$B$8),"Systolic BP out of range",IF(OR(G162<'Check Rules'!$B$9,G162>'Check Rules'!$B$10),"Diastolic BP out of range",IF(G162>=F162,"Diastolic >= systolic","OK"))))))))) -> OK
A163: SUBJ-047 | B163: SITE-004 | C163: Week 4 | D163: 46101 | E163: 68.7 | F163: 119 | G163: 86 | H163: Complete | I163: =IF(COUNTIF(Subjects!$A$2:$A$82,A163)=0,"Subject not in register",IF(D163<INDEX(Subjects!$C$2:$C$82,MATCH(A163,Subjects!$A$2:$A$82,0)),"Visit before enrollment",IF(H163="Missed","Missed visit",IF(H163="Scheduled","OK",IF(E163="","Missing weight",IF(OR(E163<'Check Rules'!$B$5,E163>'Check Rules'!$B$6),"Weight out of range",IF(OR(F163<'Check Rules'!$B$7,F163>'Check Rules'!$B$8),"Systolic BP out of range",IF(OR(G163<'Check Rules'!$B$9,G163>'Check Rules'!$B$10),"Diastolic BP out of range",IF(G163>=F163,"Diastolic >= systolic","OK"))))))))) -> OK
A164: SUBJ-047 | B164: SITE-004 | C164: Week 8 | D164: 46129 | E164: 69.8 | F164: 117 | G164: 85 | H164: Complete | I164: =IF(COUNTIF(Subjects!$A$2:$A$82,A164)=0,"Subject not in register",IF(D164<INDEX(Subjects!$C$2:$C$82,MATCH(A164,Subjects!$A$2:$A$82,0)),"Visit before enrollment",IF(H164="Missed","Missed visit",IF(H164="Scheduled","OK",IF(E164="","Missing weight",IF(OR(E164<'Check Rules'!$B$5,E164>'Check Rules'!$B$6),"Weight out of range",IF(OR(F164<'Check Rules'!$B$7,F164>'Check Rules'!$B$8),"Systolic BP out of range",IF(OR(G164<'Check Rules'!$B$9,G164>'Check Rules'!$B$10),"Diastolic BP out of range",IF(G164>=F164,"Diastolic >= systolic","OK"))))))))) -> OK
A165: SUBJ-047 | B165: SITE-004 | C165: Week 12 | D165: 46157 | H165: Scheduled | I165: =IF(COUNTIF(Subjects!$A$2:$A$82,A165)=0,"Subject not in register",IF(D165<INDEX(Subjects!$C$2:$C$82,MATCH(A165,Subjects!$A$2:$A$82,0)),"Visit before enrollment",IF(H165="Missed","Missed visit",IF(H165="Scheduled","OK",IF(E165="","Missing weight",IF(OR(E165<'Check Rules'!$B$5,E165>'Check Rules'!$B$6),"Weight out of range",IF(OR(F165<'Check Rules'!$B$7,F165>'Check Rules'!$B$8),"Systolic BP out of range",IF(OR(G165<'Check Rules'!$B$9,G165>'Check Rules'!$B$10),"Diastolic BP out of range",IF(G165>=F165,"Diastolic >= systolic","OK"))))))))) -> OK
A166: SUBJ-048 | B166: SITE-003 | C166: Screening | D166: 46040 | E166: 63.6 | F166: 122 | G166: 73 | H166: Complete | I166: =IF(COUNTIF(Subjects!$A$2:$A$82,A166)=0,"Subject not in register",IF(D166<INDEX(Subjects!$C$2:$C$82,MATCH(A166,Subjects!$A$2:$A$82,0)),"Visit before enrollment",IF(H166="Missed","Missed visit",IF(H166="Scheduled","OK",IF(E166="","Missing weight",IF(OR(E166<'Check Rules'!$B$5,E166>'Check Rules'!$B$6),"Weight out of range",IF(OR(F166<'Check Rules'!$B$7,F166>'Check Rules'!$B$8),"Systolic BP out of range",IF(OR(G166<'Check Rules'!$B$9,G166>'Check Rules'!$B$10),"Diastolic BP out of range",IF(G166>=F166,"Diastolic >= systolic","OK"))))))))) -> OK
A167: SUBJ-048 | B167: SITE-003 | C167: Baseline | D167: 46042 | E167: 66.4 | F167: 133 | G167: 75 | H167: Complete | I167: =IF(COUNTIF(Subjects!$A$2:$A$82,A167)=0,"Subject not in register",IF(D167<INDEX(Subjects!$C$2:$C$82,MATCH(A167,Subjects!$A$2:$A$82,0)),"Visit before enrollment",IF(H167="Missed","Missed visit",IF(H167="Scheduled","OK",IF(E167="","Missing weight",IF(OR(E167<'Check Rules'!$B$5,E167>'Check Rules'!$B$6),"Weight out of range",IF(OR(F167<'Check Rules'!$B$7,F167>'Check Rules'!$B$8),"Systolic BP out of range",IF(OR(G167<'Check Rules'!$B$9,G167>'Check Rules'!$B$10),"Diastolic BP out of range",IF(G167>=F167,"Diastolic >= systolic","OK"))))))))) -> OK
A168: SUBJ-048 | B168: SITE-003 | C168: Week 4 | D168: 46070 | E168: 64 | F168: 137 | G168: 75 | H168: Complete | I168: =IF(COUNTIF(Subjects!$A$2:$A$82,A168)=0,"Subject not in register",IF(D168<INDEX(Subjects!$C$2:$C$82,MATCH(A168,Subjects!$A$2:$A$82,0)),"Visit before enrollment",IF(H168="Missed","Missed visit",IF(H168="Scheduled","OK",IF(E168="","Missing weight",IF(OR(E168<'Check Rules'!$B$5,E168>'Check Rules'!$B$6),"Weight out of range",IF(OR(F168<'Check Rules'!$B$7,F168>'Check Rules'!$B$8),"Systolic BP out of range",IF(OR(G168<'Check Rules'!$B$9,G168>'Check Rules'!$B$10),"Diastolic BP out of range",IF(G168>=F168,"Diastolic >= systolic","OK"))))))))) -> OK
A169: SUBJ-048 | B169: SITE-003 | C169: Week 8 | D169: 46098 | E169: 65.1 | F169: 120 | G169: 70 | H169: Complete | I169: =IF(COUNTIF(Subjects!$A$2:$A$82,A169)=0,"Subject not in register",IF(D169<INDEX(Subjects!$C$2:$C$82,MATCH(A169,Subjects!$A$2:$A$82,0)),"Visit before enrollment",IF(H169="Missed","Missed visit",IF(H169="Scheduled","OK",IF(E169="","Missing weight",IF(OR(E169<'Check Rules'!$B$5,E169>'Check Rules'!$B$6),"Weight out of range",IF(OR(F169<'Check Rules'!$B$7,F169>'Check Rules'!$B$8),"Systolic BP out of range",IF(OR(G169<'Check Rules'!$B$9,G169>'Check Rules'!$B$10),"Diastolic BP out of range",IF(G169>=F169,"Diastolic >= systolic","OK"))))))))) -> OK
A170: SUBJ-048 | B170: SITE-003 | C170: Week 12 | D170: 46126 | E170: 65.8 | F170: 126 | G170: 66 | H170: Complete | I170: =IF(COUNTIF(Subjects!$A$2:$A$82,A170)=0,"Subject not in register",IF(D170<INDEX(Subjects!$C$2:$C$82,MATCH(A170,Subjects!$A$2:$A$82,0)),"Visit before enrollment",IF(H170="Missed","Missed visit",IF(H170="Scheduled","OK",IF(E170="","Missing weight",IF(OR(E170<'Check Rules'!$B$5,E170>'Check Rules'!$B$6),"Weight out of range",IF(OR(F170<'Check Rules'!$B$7,F170>'Check Rules'!$B$8),"Systolic BP out of range",IF(OR(G170<'Check Rules'!$B$9,G170>'Check Rules'!$B$10),"Diastolic BP out of range",IF(G170>=F170,"Diastolic >= systolic","OK"))))))))) -> OK
A171: SUBJ-049 | B171: SITE-001 | C171: Screening | D171: 46064 | E171: 64.4 | F171: 103 | G171: 78 | H171: Complete | I171: =IF(COUNTIF(Subjects!$A$2:$A$82,A171)=0,"Subject not in register",IF(D171<INDEX(Subjects!$C$2:$C$82,MATCH(A171,Subjects!$A$2:$A$82,0)),"Visit before enrollment",IF(H171="Missed","Missed visit",IF(H171="Scheduled","OK",IF(E171="","Missing weight",IF(OR(E171<'Check Rules'!$B$5,E171>'Check Rules'!$B$6),"Weight out of range",IF(OR(F171<'Check Rules'!$B$7,F171>'Check Rules'!$B$8),"Systolic BP out of range",IF(OR(G171<'Check Rules'!$B$9,G171>'Check Rules'!$B$10),"Diastolic BP out of range",IF(G171>=F171,"Diastolic >= systolic","OK"))))))))) -> OK
A172: SUBJ-049 | B172: SITE-001 | C172: Baseline | D172: 46066 | E172: 64.1 | F172: 110 | G172: 85 | H172: Complete | I172: =IF(COUNTIF(Subjects!$A$2:$A$82,A172)=0,"Subject not in register",IF(D172<INDEX(Subjects!$C$2:$C$82,MATCH(A172,Subjects!$A$2:$A$82,0)),"Visit before enrollment",IF(H172="Missed","Missed visit",IF(H172="Scheduled","OK",IF(E172="","Missing weight",IF(OR(E172<'Check Rules'!$B$5,E172>'Check Rules'!$B$6),"Weight out of range",IF(OR(F172<'Check Rules'!$B$7,F172>'Check Rules'!$B$8),"Systolic BP out of range",IF(OR(G172<'Check Rules'!$B$9,G172>'Check Rules'!$B$10),"Diastolic BP out of range",IF(G172>=F172,"Diastolic >= systolic","OK"))))))))) -> OK
A173: SUBJ-049 | B173: SITE-001 | C173: Week 4 | D173: 46094 | E173: 64.5 | F173: 108 | G173: 82 | H173: Complete | I173: =IF(COUNTIF(Subjects!$A$2:$A$82,A173)=0,"Subject not in register",IF(D173<INDEX(Subjects!$C$2:$C$82,MATCH(A173,Subjects!$A$2:$A$82,0)),"Visit before enrollment",IF(H173="Missed","Missed visit",IF(H173="Scheduled","OK",IF(E173="","Missing weight",IF(OR(E173<'Check Rules'!$B$5,E173>'Check Rules'!$B$6),"Weight out of range",IF(OR(F173<'Check Rules'!$B$7,F173>'Check Rules'!$B$8),"Systolic BP out of range",IF(OR(G173<'Check Rules'!$B$9,G173>'Check Rules'!$B$10),"Diastolic BP out of range",IF(G173>=F173,"Diastolic >= systolic","OK"))))))))) -> OK
A174: SUBJ-050 | B174: SITE-001 | C174: Screening | D174: 46038 | E174: 71.2 | F174: 148 | G174: 88 | H174: Complete | I174: =IF(COUNTIF(Subjects!$A$2:$A$82,A174)=0,"Subject not in register",IF(D174<INDEX(Subjects!$C$2:$C$82,MATCH(A174,Subjects!$A$2:$A$82,0)),"Visit before enrollment",IF(H174="Missed","Missed visit",IF(H174="Scheduled","OK",IF(E174="","Missing weight",IF(OR(E174<'Check Rules'!$B$5,E174>'Check Rules'!$B$6),"Weight out of range",IF(OR(F174<'Check Rules'!$B$7,F174>'Check Rules'!$B$8),"Systolic BP out of range",IF(OR(G174<'Check Rules'!$B$9,G174>'Check Rules'!$B$10),"Diastolic BP out of range",IF(G174>=F174,"Diastolic >= systolic","OK"))))))))) -> OK
A175: SUBJ-050 | B175: SITE-001 | C175: Baseline | D175: 46040 | E175: 71.3 | F175: 141 | G175: 77 | H175: Complete | I175: =IF(COUNTIF(Subjects!$A$2:$A$82,A175)=0,"Subject not in register",IF(D175<INDEX(Subjects!$C$2:$C$82,MATCH(A175,Subjects!$A$2:$A$82,0)),"Visit before enrollment",IF(H175="Missed","Missed visit",IF(H175="Scheduled","OK",IF(E175="","Missing weight",IF(OR(E175<'Check Rules'!$B$5,E175>'Check Rules'!$B$6),"Weight out of range",IF(OR(F175<'Check Rules'!$B$7,F175>'Check Rules'!$B$8),"Systolic BP out of range",IF(OR(G175<'Check Rules'!$B$9,G175>'Check Rules'!$B$10),"Diastolic BP out of range",IF(G175>=F175,"Diastolic >= systolic","OK"))))))))) -> OK
A176: SUBJ-050 | B176: SITE-001 | C176: Week 4 | D176: 46068 | E176: 69.9 | F176: 136 | G176: 80 | H176: Complete | I176: =IF(COUNTIF(Subjects!$A$2:$A$82,A176)=0,"Subject not in register",IF(D176<INDEX(Subjects!$C$2:$C$82,MATCH(A176,Subjects!$A$2:$A$82,0)),"Visit before enrollment",IF(H176="Missed","Missed visit",IF(H176="Scheduled","OK",IF(E176="","Missing weight",IF(OR(E176<'Check Rules'!$B$5,E176>'Check Rules'!$B$6),"Weight out of range",IF(OR(F176<'Check Rules'!$B$7,F176>'Check Rules'!$B$8),"Systolic BP out of range",IF(OR(G176<'Check Rules'!$B$9,G176>'Check Rules'!$B$10),"Diastolic BP out of range",IF(G176>=F176,"Diastolic >= systolic","OK"))))))))) -> OK
A177: SUBJ-050 | B177: SITE-001 | C177: Week 8 | D177: 46096 | E177: 70.1 | F177: 137 | G177: 78 | H177: Complete | I177: =IF(COUNTIF(Subjects!$A$2:$A$82,A177)=0,"Subject not in register",IF(D177<INDEX(Subjects!$C$2:$C$82,MATCH(A177,Subjects!$A$2:$A$82,0)),"Visit before enrollment",IF(H177="Missed","Missed visit",IF(H177="Scheduled","OK",IF(E177="","Missing weight",IF(OR(E177<'Check Rules'!$B$5,E177>'Check Rules'!$B$6),"Weight out of range",IF(OR(F177<'Check Rules'!$B$7,F177>'Check Rules'!$B$8),"Systolic BP out of range",IF(OR(G177<'Check Rules'!$B$9,G177>'Check Rules'!$B$10),"Diastolic BP out of range",IF(G177>=F177,"Diastolic >= systolic","OK"))))))))) -> OK
... A179: SUBJ-051 | B179: SITE-001 | C179: Baseline | D179: 46065 | E179: 64.1 | F179: 122 | G179: 75 | H179: Complete | I179: =IF(COUNTIF(Subjects!$A$2:$A$82,A179)=0,"Subject not in register",IF(D179<INDEX(Subjects!$C$2:$C$82,MATCH(A179,Subjects!$A$2:$A$82,0)),"Visit before enrollment",IF(H179="Missed","Missed visit",IF(H179="Scheduled","OK",IF(E179="","Missing weight",IF(OR(E179<'Check Rules'!$B$5,E179>'Check Rules'!$B$6),"Weight out of range",IF(OR(F179<'Check Rules'!$B$7,F179>'Check Rules'!$B$8),"Systolic BP out of range",IF(OR(G179<'Check Rules'!$B$9,G179>'Check Rules'!$B$10),"Diastolic BP out of range",IF(G179>=F179,"Diastolic >= systolic","OK"))))))))) -> OK
A180: SUBJ-051 | B180: SITE-001 | C180: Week 4 | D180: 46093 | H180: Missed | I180: =IF(COUNTIF(Subjects!$A$2:$A$82,A180)=0,"Subject not in register",IF(D180<INDEX(Subjects!$C$2:$C$82,MATCH(A180,Subjects!$A$2:$A$82,0)),"Visit before enrollment",IF(H180="Missed","Missed visit",IF(H180="Scheduled","OK",IF(E180="","Missing weight",IF(OR(E180<'Check Rules'!$B$5,E180>'Check Rules'!$B$6),"Weight out of range",IF(OR(F180<'Check Rules'!$B$7,F180>'Check Rules'!$B$8),"Systolic BP out of range",IF(OR(G180<'Check Rules'!$B$9,G180>'Check Rules'!$B$10),"Diastolic BP out of range",IF(G180>=F180,"Diastolic >= systolic","OK"))))))))) -> Missed visit
A181: SUBJ-052 | B181: SITE-005 | C181: Screening | D181: 46063 | E181: 72.2 | F181: 127 | G181: 79 | H181: Complete | I181: =IF(COUNTIF(Subjects!$A$2:$A$82,A181)=0,"Subject not in register",IF(D181<INDEX(Subjects!$C$2:$C$82,MATCH(A181,Subjects!$A$2:$A$82,0)),"Visit before enrollment",IF(H181="Missed","Missed visit",IF(H181="Scheduled","OK",IF(E181="","Missing weight",IF(OR(E181<'Check Rules'!$B$5,E181>'Check Rules'!$B$6),"Weight out of range",IF(OR(F181<'Check Rules'!$B$7,F181>'Check Rules'!$B$8),"Systolic BP out of range",IF(OR(G181<'Check Rules'!$B$9,G181>'Check Rules'!$B$10),"Diastolic BP out of range",IF(G181>=F181,"Diastolic >= systolic","OK"))))))))) -> OK
A182: SUBJ-052 | B182: SITE-005 | C182: Baseline | D182: 46065 | E182: 72.2 | F182: 131 | G182: 75 | H182: Complete | I182: =IF(COUNTIF(Subjects!$A$2:$A$82,A182)=0,"Subject not in register",IF(D182<INDEX(Subjects!$C$2:$C$82,MATCH(A182,Subjects!$A$2:$A$82,0)),"Visit before enrollment",IF(H182="Missed","Missed visit",IF(H182="Scheduled","OK",IF(E182="","Missing weight",IF(OR(E182<'Check Rules'!$B$5,E182>'Check Rules'!$B$6),"Weight out of range",IF(OR(F182<'Check Rules'!$B$7,F182>'Check Rules'!$B$8),"Systolic BP out of range",IF(OR(G182<'Check Rules'!$B$9,G182>'Check Rules'!$B$10),"Diastolic BP out of range",IF(G182>=F182,"Diastolic >= systolic","OK"))))))))) -> OK
A183: SUBJ-052 | B183: SITE-005 | C183: Week 4 | D183: 46093 | E183: 70.5 | F183: 119 | G183: 84 | H183: Complete | I183: =IF(COUNTIF(Subjects!$A$2:$A$82,A183)=0,"Subject not in register",IF(D183<INDEX(Subjects!$C$2:$C$82,MATCH(A183,Subjects!$A$2:$A$82,0)),"Visit before enrollment",IF(H183="Missed","Missed visit",IF(H183="Scheduled","OK",IF(E183="","Missing weight",IF(OR(E183<'Check Rules'!$B$5,E183>'Check Rules'!$B$6),"Weight out of range",IF(OR(F183<'Check Rules'!$B$7,F183>'Check Rules'!$B$8),"Systolic BP out of range",IF(OR(G183<'Check Rules'!$B$9,G183>'Check Rules'!$B$10),"Diastolic BP out of range",IF(G183>=F183,"Diastolic >= systolic","OK"))))))))) -> OK
A184: SUBJ-052 | B184: SITE-005 | C184: Week 8 | D184: 46121 | E184: 72.6 | F184: 118 | G184: 76 | H184: Complete | I184: =IF(COUNTIF(Subjects!$A$2:$A$82,A184)=0,"Subject not in register",IF(D184<INDEX(Subjects!$C$2:$C$82,MATCH(A184,Subjects!$A$2:$A$82,0)),"Visit before enrollment",IF(H184="Missed","Missed visit",IF(H184="Scheduled","OK",IF(E184="","Missing weight",IF(OR(E184<'Check Rules'!$B$5,E184>'Check Rules'!$B$6),"Weight out of range",IF(OR(F184<'Check Rules'!$B$7,F184>'Check Rules'!$B$8),"Systolic BP out of range",IF(OR(G184<'Check Rules'!$B$9,G184>'Check Rules'!$B$10),"Diastolic BP out of range",IF(G184>=F184,"Diastolic >= systolic","OK"))))))))) -> OK
A185: SUBJ-052 | B185: SITE-005 | C185: Week 12 | D185: 46149 | H185: Scheduled | I185: =IF(COUNTIF(Subjects!$A$2:$A$82,A185)=0,"Subject not in register",IF(D185<INDEX(Subjects!$C$2:$C$82,MATCH(A185,Subjects!$A$2:$A$82,0)),"Visit before enrollment",IF(H185="Missed","Missed visit",IF(H185="Scheduled","OK",IF(E185="","Missing weight",IF(OR(E185<'Check Rules'!$B$5,E185>'Check Rules'!$B$6),"Weight out of range",IF(OR(F185<'Check Rules'!$B$7,F185>'Check Rules'!$B$8),"Systolic BP out of range",IF(OR(G185<'Check Rules'!$B$9,G185>'Check Rules'!$B$10),"Diastolic BP out of range",IF(G185>=F185,"Diastolic >= systolic","OK"))))))))) -> OK
A186: SUBJ-053 | B186: SITE-003 | C186: Screening | D186: 46042 | E186: 54.2 | F186: 121 | G186: 96 | H186: Complete | I186: =IF(COUNTIF(Subjects!$A$2:$A$82,A186)=0,"Subject not in register",IF(D186<INDEX(Subjects!$C$2:$C$82,MATCH(A186,Subjects!$A$2:$A$82,0)),"Visit before enrollment",IF(H186="Missed","Missed visit",IF(H186="Scheduled","OK",IF(E186="","Missing weight",IF(OR(E186<'Check Rules'!$B$5,E186>'Check Rules'!$B$6),"Weight out of range",IF(OR(F186<'Check Rules'!$B$7,F186>'Check Rules'!$B$8),"Systolic BP out of range",IF(OR(G186<'Check Rules'!$B$9,G186>'Check Rules'!$B$10),"Diastolic BP out of range",IF(G186>=F186,"Diastolic >= systolic","OK"))))))))) -> OK
A187: SUBJ-053 | B187: SITE-003 | C187: Baseline | D187: 46044 | E187: 54.9 | F187: 122 | G187: 90 | H187: Complete | I187: =IF(COUNTIF(Subjects!$A$2:$A$82,A187)=0,"Subject not in register",IF(D187<INDEX(Subjects!$C$2:$C$82,MATCH(A187,Subjects!$A$2:$A$82,0)),"Visit before enrollment",IF(H187="Missed","Missed visit",IF(H187="Scheduled","OK",IF(E187="","Missing weight",IF(OR(E187<'Check Rules'!$B$5,E187>'Check Rules'!$B$6),"Weight out of range",IF(OR(F187<'Check Rules'!$B$7,F187>'Check Rules'!$B$8),"Systolic BP out of range",IF(OR(G187<'Check Rules'!$B$9,G187>'Check Rules'!$B$10),"Diastolic BP out of range",IF(G187>=F187,"Diastolic >= systolic","OK"))))))))) -> OK
A188: SUBJ-053 | B188: SITE-003 | C188: Week 4 | D188: 46072 | E188: 53.8 | F188: 120 | G188: 88 | H188: Complete | I188: =IF(COUNTIF(Subjects!$A$2:$A$82,A188)=0,"Subject not in register",IF(D188<INDEX(Subjects!$C$2:$C$82,MATCH(A188,Subjects!$A$2:$A$82,0)),"Visit before enrollment",IF(H188="Missed","Missed visit",IF(H188="Scheduled","OK",IF(E188="","Missing weight",IF(OR(E188<'Check Rules'!$B$5,E188>'Check Rules'!$B$6),"Weight out of range",IF(OR(F188<'Check Rules'!$B$7,F188>'Check Rules'!$B$8),"Systolic BP out of range",IF(OR(G188<'Check Rules'!$B$9,G188>'Check Rules'!$B$10),"Diastolic BP out of range",IF(G188>=F188,"Diastolic >= systolic","OK"))))))))) -> OK
A189: SUBJ-054 | B189: SITE-003 | C189: Screening | D189: 46056 | E189: 63.4 | F189: 112 | G189: 76 | H189: Complete | I189: =IF(COUNTIF(Subjects!$A$2:$A$82,A189)=0,"Subject not in register",IF(D189<INDEX(Subjects!$C$2:$C$82,MATCH(A189,Subjects!$A$2:$A$82,0)),"Visit before enrollment",IF(H189="Missed","Missed visit",IF(H189="Scheduled","OK",IF(E189="","Missing weight",IF(OR(E189<'Check Rules'!$B$5,E189>'Check Rules'!$B$6),"Weight out of range",IF(OR(F189<'Check Rules'!$B$7,F189>'Check Rules'!$B$8),"Systolic BP out of range",IF(OR(G189<'Check Rules'!$B$9,G189>'Check Rules'!$B$10),"Diastolic BP out of range",IF(G189>=F189,"Diastolic >= systolic","OK"))))))))) -> OK
A190: SUBJ-054 | B190: SITE-003 | C190: Baseline | D190: 46058 | E190: 65.2 | F190: 117 | G190: 84 | H190: Complete | I190: =IF(COUNTIF(Subjects!$A$2:$A$82,A190)=0,"Subject not in register",IF(D190<INDEX(Subjects!$C$2:$C$82,MATCH(A190,Subjects!$A$2:$A$82,0)),"Visit before enrollment",IF(H190="Missed","Missed visit",IF(H190="Scheduled","OK",IF(E190="","Missing weight",IF(OR(E190<'Check Rules'!$B$5,E190>'Check Rules'!$B$6),"Weight out of range",IF(OR(F190<'Check Rules'!$B$7,F190>'Check Rules'!$B$8),"Systolic BP out of range",IF(OR(G190<'Check Rules'!$B$9,G190>'Check Rules'!$B$10),"Diastolic BP out of range",IF(G190>=F190,"Diastolic >= systolic","OK"))))))))) -> OK
A191: SUBJ-054 | B191: SITE-003 | C191: Week 4 | D191: 46086 | E191: 63.3 | F191: 113 | G191: 76 | H191: Complete | I191: =IF(COUNTIF(Subjects!$A$2:$A$82,A191)=0,"Subject not in register",IF(D191<INDEX(Subjects!$C$2:$C$82,MATCH(A191,Subjects!$A$2:$A$82,0)),"Visit before enrollment",IF(H191="Missed","Missed visit",IF(H191="Scheduled","OK",IF(E191="","Missing weight",IF(OR(E191<'Check Rules'!$B$5,E191>'Check Rules'!$B$6),"Weight out of range",IF(OR(F191<'Check Rules'!$B$7,F191>'Check Rules'!$B$8),"Systolic BP out of range",IF(OR(G191<'Check Rules'!$B$9,G191>'Check Rules'!$B$10),"Diastolic BP out of range",IF(G191>=F191,"Diastolic >= systolic","OK"))))))))) -> OK
A192: SUBJ-055 | B192: SITE-005 | C192: Screening | D192: 46063 | E192: 89.2 | F192: 104 | G192: 74 | H192: Complete | I192: =IF(COUNTIF(Subjects!$A$2:$A$82,A192)=0,"Subject not in register",IF(D192<INDEX(Subjects!$C$2:$C$82,MATCH(A192,Subjects!$A$2:$A$82,0)),"Visit before enrollment",IF(H192="Missed","Missed visit",IF(H192="Scheduled","OK",IF(E192="","Missing weight",IF(OR(E192<'Check Rules'!$B$5,E192>'Check Rules'!$B$6),"Weight out of range",IF(OR(F192<'Check Rules'!$B$7,F192>'Check Rules'!$B$8),"Systolic BP out of range",IF(OR(G192<'Check Rules'!$B$9,G192>'Check Rules'!$B$10),"Diastolic BP out of range",IF(G192>=F192,"Diastolic >= systolic","OK"))))))))) -> OK
A193: SUBJ-055 | B193: SITE-005 | C193: Baseline | D193: 46065 | E193: 89.4 | F193: 106 | G193: 71 | H193: Complete | I193: =IF(COUNTIF(Subjects!$A$2:$A$82,A193)=0,"Subject not in register",IF(D193<INDEX(Subjects!$C$2:$C$82,MATCH(A193,Subjects!$A$2:$A$82,0)),"Visit before enrollment",IF(H193="Missed","Missed visit",IF(H193="Scheduled","OK",IF(E193="","Missing weight",IF(OR(E193<'Check Rules'!$B$5,E193>'Check Rules'!$B$6),"Weight out of range",IF(OR(F193<'Check Rules'!$B$7,F193>'Check Rules'!$B$8),"Systolic BP out of range",IF(OR(G193<'Check Rules'!$B$9,G193>'Check Rules'!$B$10),"Diastolic BP out of range",IF(G193>=F193,"Diastolic >= systolic","OK"))))))))) -> OK
A194: SUBJ-055 | B194: SITE-005 | C194: Week 4 | D194: 46093 | E194: 89 | F194: 109 | G194: 80 | H194: Complete | I194: =IF(COUNTIF(Subjects!$A$2:$A$82,A194)=0,"Subject not in register",IF(D194<INDEX(Subjects!$C$2:$C$82,MATCH(A194,Subjects!$A$2:$A$82,0)),"Visit before enrollment",IF(H194="Missed","Missed visit",IF(H194="Scheduled","OK",IF(E194="","Missing weight",IF(OR(E194<'Check Rules'!$B$5,E194>'Check Rules'!$B$6),"Weight out of range",IF(OR(F194<'Check Rules'!$B$7,F194>'Check Rules'!$B$8),"Systolic BP out of range",IF(OR(G194<'Check Rules'!$B$9,G194>'Check Rules'!$B$10),"Diastolic BP out of range",IF(G194>=F194,"Diastolic >= systolic","OK"))))))))) -> OK
A195: SUBJ-056 | B195: SITE-003 | C195: Screening | D195: 46035 | E195: 65.4 | F195: 110 | G195: 85 | H195: Complete | I195: =IF(COUNTIF(Subjects!$A$2:$A$82,A195)=0,"Subject not in register",IF(D195<INDEX(Subjects!$C$2:$C$82,MATCH(A195,Subjects!$A$2:$A$82,0)),"Visit before enrollment",IF(H195="Missed","Missed visit",IF(H195="Scheduled","OK",IF(E195="","Missing weight",IF(OR(E195<'Check Rules'!$B$5,E195>'Check Rules'!$B$6),"Weight out of range",IF(OR(F195<'Check Rules'!$B$7,F195>'Check Rules'!$B$8),"Systolic BP out of range",IF(OR(G195<'Check Rules'!$B$9,G195>'Check Rules'!$B$10),"Diastolic BP out of range",IF(G195>=F195,"Diastolic >= systolic","OK"))))))))) -> OK
A196: SUBJ-056 | B196: SITE-003 | C196: Baseline | D196: 46037 | E196: 64.7 | F196: 109 | G196: 84 | H196: Complete | I196: =IF(COUNTIF(Subjects!$A$2:$A$82,A196)=0,"Subject not in register",IF(D196<INDEX(Subjects!$C$2:$C$82,MATCH(A196,Subjects!$A$2:$A$82,0)),"Visit before enrollment",IF(H196="Missed","Missed visit",IF(H196="Scheduled","OK",IF(E196="","Missing weight",IF(OR(E196<'Check Rules'!$B$5,E196>'Check Rules'!$B$6),"Weight out of range",IF(OR(F196<'Check Rules'!$B$7,F196>'Check Rules'!$B$8),"Systolic BP out of range",IF(OR(G196<'Check Rules'!$B$9,G196>'Check Rules'!$B$10),"Diastolic BP out of range",IF(G196>=F196,"Diastolic >= systolic","OK"))))))))) -> OK
A197: SUBJ-056 | B197: SITE-003 | C197: Week 4 | D197: 46065 | E197: 64.2 | F197: 98 | G197: 73 | H197: Complete | I197: =IF(COUNTIF(Subjects!$A$2:$A$82,A197)=0,"Subject not in register",IF(D197<INDEX(Subjects!$C$2:$C$82,MATCH(A197,Subjects!$A$2:$A$82,0)),"Visit before enrollment",IF(H197="Missed","Missed visit",IF(H197="Scheduled","OK",IF(E197="","Missing weight",IF(OR(E197<'Check Rules'!$B$5,E197>'Check Rules'!$B$6),"Weight out of range",IF(OR(F197<'Check Rules'!$B$7,F197>'Check Rules'!$B$8),"Systolic BP out of range",IF(OR(G197<'Check Rules'!$B$9,G197>'Check Rules'!$B$10),"Diastolic BP out of range",IF(G197>=F197,"Diastolic >= systolic","OK"))))))))) -> OK
... A218: SUBJ-061 | B218: SITE-003 | C218: Week 8 | D218: 46117 | E218: 65.8 | F218: 122 | G218: 88 | H218: Complete | I218: =IF(COUNTIF(Subjects!$A$2:$A$82,A218)=0,"Subject not in register",IF(D218<INDEX(Subjects!$C$2:$C$82,MATCH(A218,Subjects!$A$2:$A$82,0)),"Visit before enrollment",IF(H218="Missed","Missed visit",IF(H218="Scheduled","OK",IF(E218="","Missing weight",IF(OR(E218<'Check Rules'!$B$5,E218>'Check Rules'!$B$6),"Weight out of range",IF(OR(F218<'Check Rules'!$B$7,F218>'Check Rules'!$B$8),"Systolic BP out of range",IF(OR(G218<'Check Rules'!$B$9,G218>'Check Rules'!$B$10),"Diastolic BP out of range",IF(G218>=F218,"Diastolic >= systolic","OK"))))))))) -> OK
A219: SUBJ-061 | B219: SITE-003 | C219: Week 12 | D219: 46145 | H219: Scheduled | I219: =IF(COUNTIF(Subjects!$A$2:$A$82,A219)=0,"Subject not in register",IF(D219<INDEX(Subjects!$C$2:$C$82,MATCH(A219,Subjects!$A$2:$A$82,0)),"Visit before enrollment",IF(H219="Missed","Missed visit",IF(H219="Scheduled","OK",IF(E219="","Missing weight",IF(OR(E219<'Check Rules'!$B$5,E219>'Check Rules'!$B$6),"Weight out of range",IF(OR(F219<'Check Rules'!$B$7,F219>'Check Rules'!$B$8),"Systolic BP out of range",IF(OR(G219<'Check Rules'!$B$9,G219>'Check Rules'!$B$10),"Diastolic BP out of range",IF(G219>=F219,"Diastolic >= systolic","OK"))))))))) -> OK
A220: SUBJ-062 | B220: SITE-004 | C220: Screening | D220: 46044 | E220: 69 | F220: 130 | G220: 89 | H220: Complete | I220: =IF(COUNTIF(Subjects!$A$2:$A$82,A220)=0,"Subject not in register",IF(D220<INDEX(Subjects!$C$2:$C$82,MATCH(A220,Subjects!$A$2:$A$82,0)),"Visit before enrollment",IF(H220="Missed","Missed visit",IF(H220="Scheduled","OK",IF(E220="","Missing weight",IF(OR(E220<'Check Rules'!$B$5,E220>'Check Rules'!$B$6),"Weight out of range",IF(OR(F220<'Check Rules'!$B$7,F220>'Check Rules'!$B$8),"Systolic BP out of range",IF(OR(G220<'Check Rules'!$B$9,G220>'Check Rules'!$B$10),"Diastolic BP out of range",IF(G220>=F220,"Diastolic >= systolic","OK"))))))))) -> OK
A221: SUBJ-062 | B221: SITE-004 | C221: Baseline | D221: 46046 | E221: 69.8 | F221: 126 | G221: 81 | H221: Complete | I221: =IF(COUNTIF(Subjects!$A$2:$A$82,A221)=0,"Subject not in register",IF(D221<INDEX(Subjects!$C$2:$C$82,MATCH(A221,Subjects!$A$2:$A$82,0)),"Visit before enrollment",IF(H221="Missed","Missed visit",IF(H221="Scheduled","OK",IF(E221="","Missing weight",IF(OR(E221<'Check Rules'!$B$5,E221>'Check Rules'!$B$6),"Weight out of range",IF(OR(F221<'Check Rules'!$B$7,F221>'Check Rules'!$B$8),"Systolic BP out of range",IF(OR(G221<'Check Rules'!$B$9,G221>'Check Rules'!$B$10),"Diastolic BP out of range",IF(G221>=F221,"Diastolic >= systolic","OK"))))))))) -> OK
A222: SUBJ-062 | B222: SITE-004 | C222: Week 4 | D222: 46074 | E222: 68.7 | F222: 119 | G222: 80 | H222: Complete | I222: =IF(COUNTIF(Subjects!$A$2:$A$82,A222)=0,"Subject not in register",IF(D222<INDEX(Subjects!$C$2:$C$82,MATCH(A222,Subjects!$A$2:$A$82,0)),"Visit before enrollment",IF(H222="Missed","Missed visit",IF(H222="Scheduled","OK",IF(E222="","Missing weight",IF(OR(E222<'Check Rules'!$B$5,E222>'Check Rules'!$B$6),"Weight out of range",IF(OR(F222<'Check Rules'!$B$7,F222>'Check Rules'!$B$8),"Systolic BP out of range",IF(OR(G222<'Check Rules'!$B$9,G222>'Check Rules'!$B$10),"Diastolic BP out of range",IF(G222>=F222,"Diastolic >= systolic","OK"))))))))) -> OK
A223: SUBJ-062 | B223: SITE-004 | C223: Week 8 | D223: 46102 | E223: 68.6 | F223: 129 | G223: 78 | H223: Complete | I223: =IF(COUNTIF(Subjects!$A$2:$A$82,A223)=0,"Subject not in register",IF(D223<INDEX(Subjects!$C$2:$C$82,MATCH(A223,Subjects!$A$2:$A$82,0)),"Visit before enrollment",IF(H223="Missed","Missed visit",IF(H223="Scheduled","OK",IF(E223="","Missing weight",IF(OR(E223<'Check Rules'!$B$5,E223>'Check Rules'!$B$6),"Weight out of range",IF(OR(F223<'Check Rules'!$B$7,F223>'Check Rules'!$B$8),"Systolic BP out of range",IF(OR(G223<'Check Rules'!$B$9,G223>'Check Rules'!$B$10),"Diastolic BP out of range",IF(G223>=F223,"Diastolic >= systolic","OK"))))))))) -> OK
A224: SUBJ-062 | B224: SITE-004 | C224: Week 12 | D224: 46130 | E224: 68.3 | F224: 123 | G224: 81 | H224: Complete | I224: =IF(COUNTIF(Subjects!$A$2:$A$82,A224)=0,"Subject not in register",IF(D224<INDEX(Subjects!$C$2:$C$82,MATCH(A224,Subjects!$A$2:$A$82,0)),"Visit before enrollment",IF(H224="Missed","Missed visit",IF(H224="Scheduled","OK",IF(E224="","Missing weight",IF(OR(E224<'Check Rules'!$B$5,E224>'Check Rules'!$B$6),"Weight out of range",IF(OR(F224<'Check Rules'!$B$7,F224>'Check Rules'!$B$8),"Systolic BP out of range",IF(OR(G224<'Check Rules'!$B$9,G224>'Check Rules'!$B$10),"Diastolic BP out of range",IF(G224>=F224,"Diastolic >= systolic","OK"))))))))) -> OK
...

Sheet Adverse Events
A1: AE_ID | B1: Subject_ID | C1: AE_Term | D1: Onset_Date | E1: Severity | F1: Seriousness | G1: Relationship | H1: Outcome | I1: Treatment_Arm | J1: Row_Check
A2: AE-001 | B2: SUBJ-034 | C2: Abdominal discomfort | D2: 46034 | E2: Mild | F2: No | G2: Possibly related | H2: Recovering | I2: =IFERROR(INDEX(Subjects!$F$2:$F$82,MATCH(B2,Subjects!$A$2:$A$82,0)),"Not in register") -> Treatment A | J2: =IF(I2="Not in register","Subject not in register",IF(D2<INDEX(Subjects!$C$2:$C$82,MATCH(B2,Subjects!$A$2:$A$82,0)),"Onset before enrollment",IF(E2="","Severity missing",IF(AND(F2<>"Yes",F2<>"No"),"Seriousness missing","OK")))) -> OK
A3: AE-002 | B3: SUBJ-064 | C3: Headache | D3: 46043 | E3: Moderate | F3: No | G3: Not related | H3: Not recovered | I3: =IFERROR(INDEX(Subjects!$F$2:$F$82,MATCH(B3,Subjects!$A$2:$A$82,0)),"Not in register") -> Treatment A | J3: =IF(I3="Not in register","Subject not in register",IF(D3<INDEX(Subjects!$C$2:$C$82,MATCH(B3,Subjects!$A$2:$A$82,0)),"Onset before enrollment",IF(E3="","Severity missing",IF(AND(F3<>"Yes",F3<>"No"),"Seriousness missing","OK")))) -> OK
A4: AE-003 | B4: SUBJ-041 | C4: Abdominal discomfort | D4: 46044 | E4: Moderate | F4: No | G4: Not related | H4: Unknown | I4: =IFERROR(INDEX(Subjects!$F$2:$F$82,MATCH(B4,Subjects!$A$2:$A$82,0)),"Not in register") -> Treatment A | J4: =IF(I4="Not in register","Subject not in register",IF(D4<INDEX(Subjects!$C$2:$C$82,MATCH(B4,Subjects!$A$2:$A$82,0)),"Onset before enrollment",IF(E4="","Severity missing",IF(AND(F4<>"Yes",F4<>"No"),"Seriousness missing","OK")))) -> OK
A5: AE-004 | B5: SUBJ-063 | C5: Dizziness | D5: 46048 | E5: Moderate | F5: No | G5: Not related | H5: Recovered | I5: =IFERROR(INDEX(Subjects!$F$2:$F$82,MATCH(B5,Subjects!$A$2:$A$82,0)),"Not in register") -> Placebo | J5: =IF(I5="Not in register","Subject not in register",IF(D5<INDEX(Subjects!$C$2:$C$82,MATCH(B5,Subjects!$A$2:$A$82,0)),"Onset before enrollment",IF(E5="","Severity missing",IF(AND(F5<>"Yes",F5<>"No"),"Seriousness missing","OK")))) -> OK
A6: AE-005 | B6: SUBJ-028 | C6: Headache | D6: 46050 | F6: No | G6: Not related | H6: Unknown | I6: =IFERROR(INDEX(Subjects!$F$2:$F$82,MATCH(B6,Subjects!$A$2:$A$82,0)),"Not in register") -> Placebo | J6: =IF(I6="Not in register","Subject not in register",IF(D6<INDEX(Subjects!$C$2:$C$82,MATCH(B6,Subjects!$A$2:$A$82,0)),"Onset before enrollment",IF(E6="","Severity missing",IF(AND(F6<>"Yes",F6<>"No"),"Seriousness missing","OK")))) -> Severity missing
A7: AE-006 | B7: SUBJ-059 | C7: Fatigue | D7: 46051 | E7: Mild | F7: No | G7: Not related | H7: Not recovered | I7: =IFERROR(INDEX(Subjects!$F$2:$F$82,MATCH(B7,Subjects!$A$2:$A$82,0)),"Not in register") -> Treatment A | J7: =IF(I7="Not in register","Subject not in register",IF(D7<INDEX(Subjects!$C$2:$C$82,MATCH(B7,Subjects!$A$2:$A$82,0)),"Onset before enrollment",IF(E7="","Severity missing",IF(AND(F7<>"Yes",F7<>"No"),"Seriousness missing","OK")))) -> OK
A8: AE-007 | B8: SUBJ-013 | C8: Rash | D8: 46054 | E8: Severe | F8: Yes | G8: Not related | H8: Recovered | I8: =IFERROR(INDEX(Subjects!$F$2:$F$82,MATCH(B8,Subjects!$A$2:$A$82,0)),"Not in register") -> Treatment A | J8: =IF(I8="Not in register","Subject not in register",IF(D8<INDEX(Subjects!$C$2:$C$82,MATCH(B8,Subjects!$A$2:$A$82,0)),"Onset before enrollment",IF(E8="","Severity missing",IF(AND(F8<>"Yes",F8<>"No"),"Seriousness missing","OK")))) -> OK
A9: AE-008 | B9: SUBJ-062 | C9: Fatigue | D9: 46055 | E9: Moderate | F9: No | G9: Possibly related | H9: Recovering | I9: =IFERROR(INDEX(Subjects!$F$2:$F$82,MATCH(B9,Subjects!$A$2:$A$82,0)),"Not in register") -> Placebo | J9: =IF(I9="Not in register","Subject not in register",IF(D9<INDEX(Subjects!$C$2:$C$82,MATCH(B9,Subjects!$A$2:$A$82,0)),"Onset before enrollment",IF(E9="","Severity missing",IF(AND(F9<>"Yes",F9<>"No"),"Seriousness missing","OK")))) -> OK
A10: AE-009 | B10: SUBJ-007 | C10: Fatigue | D10: 46059 | E10: Mild | F10: No | G10: Not related | H10: Unknown | I10: =IFERROR(INDEX(Subjects!$F$2:$F$82,MATCH(B10,Subjects!$A$2:$A$82,0)),"Not in register") -> Placebo | J10: =IF(I10="Not in register","Subject not in register",IF(D10<INDEX(Subjects!$C$2:$C$82,MATCH(B10,Subjects!$A$2:$A$82,0)),"Onset before enrollment",IF(E10="","Severity missing",IF(AND(F10<>"Yes",F10<>"No"),"Seriousness missing","OK")))) -> OK
A11: AE-010 | B11: SUBJ-064 | C11: Nausea | D11: 46059 | E11: Mild | F11: No | G11: Possibly related | H11: Recovered | I11: =IFERROR(INDEX(Subjects!$F$2:$F$82,MATCH(B11,Subjects!$A$2:$A$82,0)),"Not in register") -> Treatment A | J11: =IF(I11="Not in register","Subject not in register",IF(D11<INDEX(Subjects!$C$2:$C$82,MATCH(B11,Subjects!$A$2:$A$82,0)),"Onset before enrollment",IF(E11="","Severity missing",IF(AND(F11<>"Yes",F11<>"No"),"Seriousness missing","OK")))) -> OK
A12: AE-011 | B12: SUBJ-041 | C12: Abdominal discomfort | D12: 46064 | E12: Mild | G12: Possibly related | H12: Unknown | I12: =IFERROR(INDEX(Subjects!$F$2:$F$82,MATCH(B12,Subjects!$A$2:$A$82,0)),"Not in register") -> Treatment A | J12: =IF(I12="Not in register","Subject not in register",IF(D12<INDEX(Subjects!$C$2:$C$82,MATCH(B12,Subjects!$A$2:$A$82,0)),"Onset before enrollment",IF(E12="","Severity missing",IF(AND(F12<>"Yes",F12<>"No"),"Seriousness missing","OK")))) -> Seriousness missing
A13: AE-012 | B13: SUBJ-033 | C13: Dizziness | D13: 46068 | E13: Mild | F13: No | G13: Possibly related | H13: Recovering | I13: =IFERROR(INDEX(Subjects!$F$2:$F$82,MATCH(B13,Subjects!$A$2:$A$82,0)),"Not in register") -> Treatment A | J13: =IF(I13="Not in register","Subject not in register",IF(D13<INDEX(Subjects!$C$2:$C$82,MATCH(B13,Subjects!$A$2:$A$82,0)),"Onset before enrollment",IF(E13="","Severity missing",IF(AND(F13<>"Yes",F13<>"No"),"Seriousness missing","OK")))) -> OK
A14: AE-013 | B14: SUBJ-061 | C14: Fatigue | D14: 46068 | E14: Mild | F14: No | G14: Not related | H14: Recovered | I14: =IFERROR(INDEX(Subjects!$F$2:$F$82,MATCH(B14,Subjects!$A$2:$A$82,0)),"Not in register") -> Treatment A | J14: =IF(I14="Not in register","Subject not in register",IF(D14<INDEX(Subjects!$C$2:$C$82,MATCH(B14,Subjects!$A$2:$A$82,0)),"Onset before enrollment",IF(E14="","Severity missing",IF(AND(F14<>"Yes",F14<>"No"),"Seriousness missing","OK")))) -> OK
A15: AE-014 | B15: SUBJ-064 | C15: Nausea | D15: 46070 | E15: Mild | F15: No | G15: Related | H15: Unknown | I15: =IFERROR(INDEX(Subjects!$F$2:$F$82,MATCH(B15,Subjects!$A$2:$A$82,0)),"Not in register") -> Treatment A | J15: =IF(I15="Not in register","Subject not in register",IF(D15<INDEX(Subjects!$C$2:$C$82,MATCH(B15,Subjects!$A$2:$A$82,0)),"Onset before enrollment",IF(E15="","Severity missing",IF(AND(F15<>"Yes",F15<>"No"),"Seriousness missing","OK")))) -> OK
A16: AE-015 | B16: SUBJ-026 | C16: Rash | D16: 46071 | E16: Mild | F16: No | G16: Possibly related | H16: Recovered | I16: =IFERROR(INDEX(Subjects!$F$2:$F$82,MATCH(B16,Subjects!$A$2:$A$82,0)),"Not in register") -> Treatment A | J16: =IF(I16="Not in register","Subject not in register",IF(D16<INDEX(Subjects!$C$2:$C$82,MATCH(B16,Subjects!$A$2:$A$82,0)),"Onset before enrollment",IF(E16="","Severity missing",IF(AND(F16<>"Yes",F16<>"No"),"Seriousness missing","OK")))) -> OK
A17: AE-016 | B17: SUBJ-038 | C17: Headache | D17: 46078 | E17: Mild | F17: No | G17: Possibly related | H17: Recovered | I17: =IFERROR(INDEX(Subjects!$F$2:$F$82,MATCH(B17,Subjects!$A$2:$A$82,0)),"Not in register") -> Treatment A | J17: =IF(I17="Not in register","Subject not in register",IF(D17<INDEX(Subjects!$C$2:$C$82,MATCH(B17,Subjects!$A$2:$A$82,0)),"Onset before enrollment",IF(E17="","Severity missing",IF(AND(F17<>"Yes",F17<>"No"),"Seriousness missing","OK")))) -> OK
A18: AE-017 | B18: SUBJ-036 | C18: Abdominal discomfort | D18: 46078 | E18: Severe | F18: Yes | G18: Related | H18: Recovering | I18: =IFERROR(INDEX(Subjects!$F$2:$F$82,MATCH(B18,Subjects!$A$2:$A$82,0)),"Not in register") -> Placebo | J18: =IF(I18="Not in register","Subject not in register",IF(D18<INDEX(Subjects!$C$2:$C$82,MATCH(B18,Subjects!$A$2:$A$82,0)),"Onset before enrollment",IF(E18="","Severity missing",IF(AND(F18<>"Yes",F18<>"No"),"Seriousness missing","OK")))) -> OK
A19: AE-018 | B19: SUBJ-054 | C19: Fatigue | D19: 46079 | E19: Mild | F19: No | G19: Related | H19: Recovering | I19: =IFERROR(INDEX(Subjects!$F$2:$F$82,MATCH(B19,Subjects!$A$2:$A$82,0)),"Not in register") -> Treatment A | J19: =IF(I19="Not in register","Subject not in register",IF(D19<INDEX(Subjects!$C$2:$C$82,MATCH(B19,Subjects!$A$2:$A$82,0)),"Onset before enrollment",IF(E19="","Severity missing",IF(AND(F19<>"Yes",F19<>"No"),"Seriousness missing","OK")))) -> OK
A20: AE-019 | B20: SUBJ-032 | C20: Nausea | D20: 46080 | E20: Mild | F20: No | G20: Possibly related | H20: Not recovered | I20: =IFERROR(INDEX(Subjects!$F$2:$F$82,MATCH(B20,Subjects!$A$2:$A$82,0)),"Not in register") -> Placebo | J20: =IF(I20="Not in register","Subject not in register",IF(D20<INDEX(Subjects!$C$2:$C$82,MATCH(B20,Subjects!$A$2:$A$82,0)),"Onset before enrollment",IF(E20="","Severity missing",IF(AND(F20<>"Yes",F20<>"No"),"Seriousness missing","OK")))) -> OK
A21: AE-020 | B21: SUBJ-074 | C21: Fatigue | D21: 46083 | E21: Mild | F21: Yes | G21: Possibly related | H21: Recovered | I21: =IFERROR(INDEX(Subjects!$F$2:$F$82,MATCH(B21,Subjects!$A$2:$A$82,0)),"Not in register") -> Treatment A | J21: =IF(I21="Not in register","Subject not in register",IF(D21<INDEX(Subjects!$C$2:$C$82,MATCH(B21,Subjects!$A$2:$A$82,0)),"Onset before enrollment",IF(E21="","Severity missing",IF(AND(F21<>"Yes",F21<>"No"),"Seriousness missing","OK")))) -> OK
A22: AE-021 | B22: SUBJ-056 | C22: Dizziness | D22: 46085 | E22: Moderate | F22: No | G22: Related | H22: Recovered | I22: =IFERROR(INDEX(Subjects!$F$2:$F$82,MATCH(B22,Subjects!$A$2:$A$82,0)),"Not in register") -> Treatment A | J22: =IF(I22="Not in register","Subject not in register",IF(D22<INDEX(Subjects!$C$2:$C$82,MATCH(B22,Subjects!$A$2:$A$82,0)),"Onset before enrollment",IF(E22="","Severity missing",IF(AND(F22<>"Yes",F22<>"No"),"Seriousness missing","OK")))) -> OK
A23: AE-022 | B23: SUBJ-031 | C23: Fatigue | D23: 46085 | E23: Mild | F23: No | G23: Possibly related | H23: Recovering | I23: =IFERROR(INDEX(Subjects!$F$2:$F$82,MATCH(B23,Subjects!$A$2:$A$82,0)),"Not in register") -> Placebo | J23: =IF(I23="Not in register","Subject not in register",IF(D23<INDEX(Subjects!$C$2:$C$82,MATCH(B23,Subjects!$A$2:$A$82,0)),"Onset before enrollment",IF(E23="","Severity missing",IF(AND(F23<>"Yes",F23<>"No"),"Seriousness missing","OK")))) -> OK
A24: AE-023 | B24: SUBJ-044 | C24: Fatigue | D24: 46085 | E24: Severe | F24: No | G24: Not related | H24: Unknown | I24: =IFERROR(INDEX(Subjects!$F$2:$F$82,MATCH(B24,Subjects!$A$2:$A$82,0)),"Not in register") -> Treatment A | J24: =IF(I24="Not in register","Subject not in register",IF(D24<INDEX(Subjects!$C$2:$C$82,MATCH(B24,Subjects!$A$2:$A$82,0)),"Onset before enrollment",IF(E24="","Severity missing",IF(AND(F24<>"Yes",F24<>"No"),"Seriousness missing","OK")))) -> OK
... A61: AE-060 | B61: SUBJ-067 | C61: Nausea | D61: 46142 | E61: Mild | F61: No | G61: Not related | H61: Recovered | I61: =IFERROR(INDEX(Subjects!$F$2:$F$82,MATCH(B61,Subjects!$A$2:$A$82,0)),"Not in register") -> Placebo | J61: =IF(I61="Not in register","Subject not in register",IF(D61<INDEX(Subjects!$C$2:$C$82,MATCH(B61,Subjects!$A$2:$A$82,0)),"Onset before enrollment",IF(E61="","Severity missing",IF(AND(F61<>"Yes",F61<>"No"),"Seriousness missing","OK")))) -> OK

Sheet Data Checks
A1: Check_ID | B1: Data_Domain | C1: Record_Key | D1: Check_Type | E1: Flag_Description | F1: Review_Priority | G1: Review_Status | H1: Source_Row | I1: Live_Check_Result | J1: Query_ID
A2: SUB-001 | B2: Subjects | C2: SUBJ-011 | D2: Duplicate subject ID | E2: Subject ID appears twice in the register | F2: High | G2: Open | H2: 12 | I2: =INDEX(Subjects!$H:$H,H2) -> Duplicate subject ID | J2: QRY-001
A3: SUB-002 | B3: Subjects | C3: SUBJ-011 | D3: Duplicate subject ID | E3: Subject ID appears twice in the register | F3: High | G3: Open | H3: 82 | I3: =INDEX(Subjects!$H:$H,H3) -> Duplicate subject ID | J3: QRY-001
A4: SUB-003 | B4: Subjects | C4: SUBJ-036 | D4: Age out of range | E4: Age recorded as 17 (limit 18-85) | F4: High | G4: Resolved | H4: 37 | I4: =INDEX(Subjects!$H:$H,H4) -> OK | J4: QRY-002
A5: SUB-004 | B5: Subjects | C5: SUBJ-073 | D5: Age out of range | E5: Age recorded as 91 (limit 18-85) | F5: High | G5: Open | H5: 74 | I5: =INDEX(Subjects!$H:$H,H5) -> Age out of range | J5: QRY-003
A6: SUB-005 | B6: Subjects | C6: SUBJ-052 | D6: Missing field | E6: Sex not recorded | F6: Medium | G6: Query sent | H6: 53 | I6: =INDEX(Subjects!$H:$H,H6) -> Missing field | J6: QRY-004
A7: SUB-006 | B7: Subjects | C7: SUBJ-066 | D7: Missing field | E7: Treatment arm not recorded | F7: High | G7: Open | H7: 67 | I7: =INDEX(Subjects!$H:$H,H7) -> Missing field | J7: QRY-005
A8: VIS-001 | B8: Visits | C8: SUBJ-005|Week 4 | D8: Weight out of range | E8: Weight recorded as 718.0 kg (limit 35-200) | F8: High | G8: Resolved | H8: 19 | I8: =INDEX(Visits!$I:$I,H8) -> OK | J8: QRY-006
A9: VIS-002 | B9: Visits | C9: SUBJ-010|Baseline | D9: Missing weight | E9: Weight missing at a completed visit | F9: Medium | G9: Answered - pending update | H9: 33 | I9: =INDEX(Visits!$I:$I,H9) -> Missing weight | J9: QRY-007
A10: VIS-003 | B10: Visits | C10: SUBJ-015|Screening | D10: Systolic BP out of range | E10: Systolic BP recorded as 300 mmHg (limit 70-220) | F10: High | G10: Open | H10: 48 | I10: =INDEX(Visits!$I:$I,H10) -> Systolic BP out of range | J10: QRY-008
A11: VIS-004 | B11: Visits | C11: SUBJ-027|Week 4 | D11: Diastolic >= systolic | E11: Diastolic BP is not lower than systolic BP | F11: Medium | G11: Query sent | H11: 90 | I11: =INDEX(Visits!$I:$I,H11) -> Diastolic BP out of range | J11: QRY-009
A12: VIS-005 | B12: Visits | C12: SUBJ-031|Baseline | D12: Visit before enrollment | E12: Visit date is before the enrollment date | F12: High | G12: Open | H12: 103 | I12: =INDEX(Visits!$I:$I,H12) -> Visit before enrollment | J12: QRY-010
A13: VIS-006 | B13: Visits | C13: SUBJ-099|Screening | D13: Subject not in register | E13: Visit recorded for a subject not in the register | F13: High | G13: Open | H13: 293 | I13: =INDEX(Visits!$I:$I,H13) -> Subject not in register | J13: QRY-011
A14: VIS-007 | B14: Visits | C14: SUBJ-051|Week 4 | D14: Missed visit | E14: Visit marked as missed | F14: Low | G14: Open | H14: 180 | I14: =INDEX(Visits!$I:$I,H14) -> Missed visit | J14: QRY-012
A15: AE-001 | B15: Adverse Events | C15: AE-040 | D15: Subject not in register | E15: AE recorded for a subject not in the register | F15: High | G15: Open | H15: 41 | I15: =INDEX('Adverse Events'!$J:$J,H15) -> Subject not in register | J15: QRY-013
A16: AE-002 | B16: Adverse Events | C16: AE-005 | D16: Severity missing | E16: Severity not recorded | F16: Medium | G16: Query sent | H16: 6 | I16: =INDEX('Adverse Events'!$J:$J,H16) -> Severity missing | J16: QRY-014
A17: AE-003 | B17: Adverse Events | C17: AE-017 | D17: Severity missing | E17: Severity not recorded | F17: Medium | G17: Resolved | H17: 18 | I17: =INDEX('Adverse Events'!$J:$J,H17) -> OK | J17: QRY-015
A18: AE-004 | B18: Adverse Events | C18: AE-011 | D18: Seriousness missing | E18: Seriousness not recorded | F18: High | G18: Open | H18: 12 | I18: =INDEX('Adverse Events'!$J:$J,H18) -> Seriousness missing | J18: QRY-016
A19: AE-005 | B19: Adverse Events | C19: AE-024 | D19: Onset before enrollment | E19: AE onset is before the enrollment date | F19: High | G19: Open | H19: 25 | I19: =INDEX('Adverse Events'!$J:$J,H19) -> Onset before enrollment | J19: QRY-017

Sheet Query Log
A1: Query_ID | B1: Domain | C1: Record_Key | D1: Issue | E1: Why_Review_Is_Needed | F1: Suggested_Query_or_Action | G1: Priority | H1: Status | I1: Resolution_Notes | J1: Date_Opened | K1: Date_Closed | L1: Days_Open
A2: QRY-001 | B2: Subjects | C2: SUBJ-011 | D2: Duplicate subject ID | E2: Same Subject_ID on two register rows can double-count a participant. | F2: Compare both rows with source; confirm duplicate entry and remove it, or correct the ID if they are two participants. | G2: High | H2: Open | J2: 46093 | L2: =IF(K2="",'Check Rules'!$B$11-J2,K2-J2) -> 49
A3: QRY-002 | B3: Subjects | C3: SUBJ-036 | D3: Age out of range | E3: Age below the protocol minimum may mean a typing error or an eligibility problem. | F3: Confirm date of birth against source and correct the age. | G3: High | H3: Closed | I3: Site confirmed date of birth; 17 was a typing error. Age corrected to 22. | J3: 46095 | K3: 46102 | L3: =IF(K3="",'Check Rules'!$B$11-J3,K3-J3) -> 7
A4: QRY-003 | B4: Subjects | C4: SUBJ-073 | D4: Age out of range | E4: Age above the protocol maximum may be a typing error (e.g. 19 or 61). | F4: Confirm date of birth against source and correct the age. | G4: High | H4: Open | J4: 46097 | L4: =IF(K4="",'Check Rules'!$B$11-J4,K4-J4) -> 45
A5: QRY-004 | B5: Subjects | C5: SUBJ-052 | D5: Missing field | E5: Sex is a required demographic field. | F5: Ask site to provide sex from source records. | G5: Medium | H5: Sent to site | J5: 46099 | L5: =IF(K5="",'Check Rules'!$B$11-J5,K5-J5) -> 43
A6: QRY-005 | B6: Subjects | C6: SUBJ-066 | D6: Missing field | E6: Without an arm the participant cannot be included in treatment comparisons. | F6: Confirm randomization record and enter the arm. | G6: High | H6: Open | J6: 46101 | L6: =IF(K6="",'Check Rules'!$B$11-J6,K6-J6) -> 41
A7: QRY-006 | B7: Visits | C7: SUBJ-005|Week 4 | D7: Weight out of range | E7: Weight outside plausible limits suggests a decimal or typing error. | F7: Confirm weight against source document. | G7: High | H7: Closed | I7: Decimal point error. Site confirmed 71.8 kg; value corrected. | J7: 46103 | K7: 46110 | L7: =IF(K7="",'Check Rules'!$B$11-J7,K7-J7) -> 7
A8: QRY-007 | B8: Visits | C8: SUBJ-010|Baseline | D8: Missing weight | E8: Weight is a required measurement at completed visits. | F8: Ask site to provide weight from source. | G8: Medium | H8: Answered | I8: Site replied weight was 64.7 kg; awaiting data entry update. | J8: 46105 | L8: =IF(K8="",'Check Rules'!$B$11-J8,K8-J8) -> 37
A9: QRY-008 | B9: Visits | C9: SUBJ-015|Screening | D9: Systolic BP out of range | E9: Value is outside plausible range; likely typing error. | F9: Confirm blood pressure against source and correct. | G9: High | H9: Open | J9: 46107 | L9: =IF(K9="",'Check Rules'!$B$11-J9,K9-J9) -> 35
A10: QRY-009 | B10: Visits | C10: SUBJ-027|Week 4 | D10: Diastolic >= systolic | E10: Diastolic should be lower than systolic; values may be swapped. | F10: Confirm both readings against source. | G10: Medium | H10: Sent to site | J10: 46109 | L10: =IF(K10="",'Check Rules'!$B$11-J10,K10-J10) -> 33
A11: QRY-010 | B11: Visits | C11: SUBJ-031|Baseline | D11: Visit before enrollment | E11: Visit dates must follow enrollment; may be a date typo. | F11: Confirm visit date against source. | G11: High | H11: Open | J11: 46111 | L11: =IF(K11="",'Check Rules'!$B$11-J11,K11-J11) -> 31
A12: QRY-011 | B12: Visits | C12: SUBJ-099|Screening | D12: Subject not in register | E12: Visit data exists for an ID that is not in the subject register. | F12: Confirm whether the ID is a typo or an unregistered participant. | G12: High | H12: Open | J12: 46113 | L12: =IF(K12="",'Check Rules'!$B$11-J12,K12-J12) -> 29
A13: QRY-012 | B13: Visits | C13: SUBJ-051|Week 4 | D13: Missed visit | E13: Missed visits may be protocol deviations. | F13: Ask site for the reason and whether a make-up visit is planned. | G13: Low | H13: Open | J13: 46115 | L13: =IF(K13="",'Check Rules'!$B$11-J13,K13-J13) -> 27
A14: QRY-013 | B14: Adverse Events | C14: AE-040 | D14: Subject not in register | E14: Safety data must link to a registered participant. | F14: Confirm correct Subject_ID with the site. | G14: High | H14: Open | J14: 46117 | L14: =IF(K14="",'Check Rules'!$B$11-J14,K14-J14) -> 25
A15: QRY-014 | B15: Adverse Events | C15: AE-005 | D15: Severity missing | E15: Severity is required to describe the event. | F15: Ask site to provide severity. | G15: Medium | H15: Sent to site | J15: 46119 | L15: =IF(K15="",'Check Rules'!$B$11-J15,K15-J15) -> 23
A16: QRY-015 | B16: Adverse Events | C16: AE-017 | D16: Severity missing | E16: Severity is required to describe the event. | F16: Ask site to provide severity. | G16: Medium | H16: Closed | I16: Site confirmed severity was Severe; field completed. | J16: 46121 | K16: 46129 | L16: =IF(K16="",'Check Rules'!$B$11-J16,K16-J16) -> 8
A17: QRY-016 | B17: Adverse Events | C17: AE-011 | D17: Seriousness missing | E17: Seriousness drives safety reporting; seriousness is not the same as severity. | F17: Ask site to confirm seriousness criteria. | G17: High | H17: Open | J17: 46123 | L17: =IF(K17="",'Check Rules'!$B$11-J17,K17-J17) -> 19
A18: QRY-017 | B18: Adverse Events | C18: AE-024 | D18: Onset before enrollment | E18: An event before enrollment may be medical history, not an AE. | F18: Confirm onset date and whether it is pre-existing. | G18: High | H18: Open | J18: 46125 | L18: =IF(K18="",'Check Rules'!$B$11-J18,K18-J18) -> 17

Sheet Check Rules
A1: CHECK RULES AND LIMITS
A2: Blue cells are inputs. Changing a limit updates every check.
A3: Age minimum (years) | B3: 18
A4: Age maximum (years) | B4: 85
A5: Weight minimum (kg) | B5: 35
A6: Weight maximum (kg) | B6: 200
A7: Systolic BP minimum (mmHg) | B7: 70
A8: Systolic BP maximum (mmHg) | B8: 220
A9: Diastolic BP minimum (mmHg) | B9: 40
A10: Diastolic BP maximum (mmHg) | B10: 130
A11: Data as-of date | B11: 46142
A13: Rule_ID | B13: Domain | C13: Rule | D13: Priority | E13: Why it matters
A14: R01 | B14: Subjects | C14: Duplicate subject ID | D14: High | E14: Double-counting a participant distorts every summary.
A15: R02 | B15: Subjects | C15: Required field missing | D15: High | E15: Incomplete records cannot be analysed or reconciled.
A16: R03 | B16: Subjects | C16: Age outside limits | D16: High | E16: Eligibility and typing-error check.
A17: R04 | B17: Visits | C17: Subject not in register | D17: High | E17: Data must link to a registered participant.
A18: R05 | B18: Visits | C18: Visit before enrollment | D18: High | E18: Chronology check; likely date error.
A19: R06 | B19: Visits | C19: Missing weight at completed visit | D19: Medium | E19: Required measurement.
A20: R07 | B20: Visits | C20: Weight outside limits | D20: High | E20: Catches decimal and unit errors.
A21: R08 | B21: Visits | C21: Systolic BP outside limits | D21: High | E21: Catches typing errors.
A22: R09 | B22: Visits | C22: Diastolic BP outside limits | D22: High | E22: Catches typing errors.
A23: R10 | B23: Visits | C23: Diastolic not below systolic | D23: Medium | E23: Values may be swapped.
A24: R11 | B24: Visits | C24: Missed visit | D24: Low | E24: May be a protocol deviation.
... A28: R15 | B28: Adverse Events | C28: Seriousness missing or invalid | D28: High | E28: Drives safety reporting.
